"품목별(1)","품목별(2)",품목별(3),시점,수출액 (천달러),수입액 (천달러)
"총액","소계",소계,2025.09,65914610,56399502
"총액","소계",소계,2025.10,59505227,53493854
"총액","소계",소계,2025.11,61032963,51292544
"식품 및 산동물","소계",소계,2025.09,888254,3109964
"식품 및 산동물","소계",소계,2025.10,741287,2685495
"식품 및 산동물","소계",소계,2025.11,804721,2637403
"식품 및 산동물","중분류 03의 동물을 제외한 산 동물",소계,2025.09,689,5245
"식품 및 산동물","중분류 03의 동물을 제외한 산 동물",소계,2025.10,543,5990
"식품 및 산동물","중분류 03의 동물을 제외한 산 동물",소계,2025.11,445,7946
"식품 및 산동물","중분류 03의 동물을 제외한 산 동물",중분류 03의 동물을 제외한 산 동물,2025.09,689,5245
"식품 및 산동물","중분류 03의 동물을 제외한 산 동물",중분류 03의 동물을 제외한 산 동물,2025.10,543,5990
"식품 및 산동물","중분류 03의 동물을 제외한 산 동물",중분류 03의 동물을 제외한 산 동물,2025.11,445,7946
"식품 및 산동물","고기및 고기 조제품",소계,2025.09,14830,643788
"식품 및 산동물","고기및 고기 조제품",소계,2025.10,16692,535237
"식품 및 산동물","고기및 고기 조제품",소계,2025.11,16125,499234
"식품 및 산동물","고기및 고기 조제품",쇠고기신선냉장 또는 냉동한 것,2025.09,521,357881
"식품 및 산동물","고기및 고기 조제품",쇠고기신선냉장 또는 냉동한 것,2025.10,246,255044
"식품 및 산동물","고기및 고기 조제품",쇠고기신선냉장 또는 냉동한 것,2025.11,561,231393
"식품 및 산동물","고기및 고기 조제품",기타 고기 및 식용 설육신선냉장 또는 냉동한 것,2025.09,5941,256869
"식품 및 산동물","고기및 고기 조제품",기타 고기 및 식용 설육신선냉장 또는 냉동한 것,2025.10,8053,255585
"식품 및 산동물","고기및 고기 조제품",기타 고기 및 식용 설육신선냉장 또는 냉동한 것,2025.11,7428,243097
"식품 및 산동물","고기및 고기 조제품",고기 및 실용석육염장염수장건조 또는 훈제한 것,2025.09,2,1582
"식품 및 산동물","고기및 고기 조제품",고기 및 실용석육염장염수장건조 또는 훈제한 것,2025.10,29,1570
"식품 및 산동물","고기및 고기 조제품",고기 및 실용석육염장염수장건조 또는 훈제한 것,2025.11,56,1678
"식품 및 산동물","고기및 고기 조제품",달리 명시되지 않은 조제 또는 저장한 고기 및 설육,2025.09,8367,27456
"식품 및 산동물","고기및 고기 조제품",달리 명시되지 않은 조제 또는 저장한 고기 및 설육,2025.10,8363,23038
"식품 및 산동물","고기및 고기 조제품",달리 명시되지 않은 조제 또는 저장한 고기 및 설육,2025.11,8080,23066
"식품 및 산동물","낙농품 및 새알",소계,2025.09,15913,177826
"식품 및 산동물","낙농품 및 새알",소계,2025.10,12454,138127
"식품 및 산동물","낙농품 및 새알",소계,2025.11,12148,129268
"식품 및 산동물","낙농품 및 새알",우유.크림 및 우유생산품(버터 및 치이즈 제외),2025.09,14399,61695
"식품 및 산동물","낙농품 및 새알",우유.크림 및 우유생산품(버터 및 치이즈 제외),2025.10,11363,50996
"식품 및 산동물","낙농품 및 새알",우유.크림 및 우유생산품(버터 및 치이즈 제외),2025.11,10800,44518
"식품 및 산동물","낙농품 및 새알",밀크에서 얻어진 버터 및 기타의 지와 유,2025.09,20,28998
"식품 및 산동물","낙농품 및 새알",밀크에서 얻어진 버터 및 기타의 지와 유,2025.10,17,22765
"식품 및 산동물","낙농품 및 새알",밀크에서 얻어진 버터 및 기타의 지와 유,2025.11,65,17555
"식품 및 산동물","낙농품 및 새알",치즈와 커드,2025.09,1298,83631
"식품 및 산동물","낙농품 및 새알",치즈와 커드,2025.10,787,60785
"식품 및 산동물","낙농품 및 새알",치즈와 커드,2025.11,1089,63708
"식품 및 산동물","낙농품 및 새알",새알 및 난황신선건조,2025.09,197,3502
"식품 및 산동물","낙농품 및 새알",새알 및 난황신선건조,2025.10,286,3581
"식품 및 산동물","낙농품 및 새알",새알 및 난황신선건조,2025.11,193,3486
"식품 및 산동물","물고기,갑각류,연체동물 및 수생무척추동물",소계,2025.09,200362,557115
"식품 및 산동물","물고기,갑각류,연체동물 및 수생무척추동물",소계,2025.10,181976,467891
"식품 및 산동물","물고기,갑각류,연체동물 및 수생무척추동물",소계,2025.11,180733,508753
"식품 및 산동물","물고기,갑각류,연체동물 및 수생무척추동물",물고기신선(산것 포함)냉장 또는 냉동한 것,2025.09,128560,219316
"식품 및 산동물","물고기,갑각류,연체동물 및 수생무척추동물",물고기신선(산것 포함)냉장 또는 냉동한 것,2025.10,121592,179937
"식품 및 산동물","물고기,갑각류,연체동물 및 수생무척추동물",물고기신선(산것 포함)냉장 또는 냉동한 것,2025.11,119527,206934
"식품 및 산동물","물고기,갑각류,연체동물 및 수생무척추동물",건조.염장.염수장 또는 훈제한 어류,2025.09,2513,11941
"식품 및 산동물","물고기,갑각류,연체동물 및 수생무척추동물",건조.염장.염수장 또는 훈제한 어류,2025.10,2597,11304
"식품 및 산동물","물고기,갑각류,연체동물 및 수생무척추동물",건조.염장.염수장 또는 훈제한 어류,2025.11,2617,12155
"식품 및 산동물","물고기,갑각류,연체동물 및 수생무척추동물",갑각류연체동물 및 수생무척추동물,2025.09,48360,248529
"식품 및 산동물","물고기,갑각류,연체동물 및 수생무척추동물",갑각류연체동물 및 수생무척추동물,2025.10,38199,216534
"식품 및 산동물","물고기,갑각류,연체동물 및 수생무척추동물",갑각류연체동물 및 수생무척추동물,2025.11,37699,219408
"식품 및 산동물","물고기,갑각류,연체동물 및 수생무척추동물",달리 명시되지 않은 어류갑각류연체동물기타 수생무척추동물,2025.09,20928,77330
"식품 및 산동물","물고기,갑각류,연체동물 및 수생무척추동물",달리 명시되지 않은 어류갑각류연체동물기타 수생무척추동물,2025.10,19589,60115
"식품 및 산동물","물고기,갑각류,연체동물 및 수생무척추동물",달리 명시되지 않은 어류갑각류연체동물기타 수생무척추동물,2025.11,20890,70255
"식품 및 산동물","곡식 및 곡식가공품",소계,2025.09,105244,486422
"식품 및 산동물","곡식 및 곡식가공품",소계,2025.10,58760,454910
"식품 및 산동물","곡식 및 곡식가공품",소계,2025.11,70772,441158
"식품 및 산동물","곡식 및 곡식가공품",밀(스펠트포함)과 메슬린.정미하지 않은 것,2025.09,-,124589
"식품 및 산동물","곡식 및 곡식가공품",밀(스펠트포함)과 메슬린.정미하지 않은 것,2025.10,0,96586
"식품 및 산동물","곡식 및 곡식가공품",밀(스펠트포함)과 메슬린.정미하지 않은 것,2025.11,-,141753
"식품 및 산동물","곡식 및 곡식가공품",쌀(벼포함),2025.09,26339,10300
"식품 및 산동물","곡식 및 곡식가공품",쌀(벼포함),2025.10,1225,31407
"식품 및 산동물","곡식 및 곡식가공품",쌀(벼포함),2025.11,3977,19585
"식품 및 산동물","곡식 및 곡식가공품",보리도정되지 않은 것,2025.09,21,1740
"식품 및 산동물","곡식 및 곡식가공품",보리도정되지 않은 것,2025.10,36,2266
"식품 및 산동물","곡식 및 곡식가공품",보리도정되지 않은 것,2025.11,27,4629
"식품 및 산동물","곡식 및 곡식가공품",옥수수,2025.09,2699,244975
"식품 및 산동물","곡식 및 곡식가공품",옥수수,2025.10,1,239452
"식품 및 산동물","곡식 및 곡식가공품",옥수수,2025.11,2,196484
"식품 및 산동물","곡식 및 곡식가공품",곡물제분하지 않은 것(밀쌀보리 및 옥수수 제외),2025.09,63,1812
"식품 및 산동물","곡식 및 곡식가공품",곡물제분하지 않은 것(밀쌀보리 및 옥수수 제외),2025.10,26,1157
"식품 및 산동물","곡식 및 곡식가공품",곡물제분하지 않은 것(밀쌀보리 및 옥수수 제외),2025.11,85,1907
"식품 및 산동물","곡식 및 곡식가공품",밀의 거친가루 및 고운가루와 메슬린의 고운가루,2025.09,1582,1816
"식품 및 산동물","곡식 및 곡식가공품",밀의 거친가루 및 고운가루와 메슬린의 고운가루,2025.10,1371,1577
"식품 및 산동물","곡식 및 곡식가공품",밀의 거친가루 및 고운가루와 메슬린의 고운가루,2025.11,1645,1535
"식품 및 산동물","곡식 및 곡식가공품",기타 곡물 거친가루 및 고운가루,2025.09,269,1385
"식품 및 산동물","곡식 및 곡식가공품",기타 곡물 거친가루 및 고운가루,2025.10,135,901
"식품 및 산동물","곡식 및 곡식가공품",기타 곡물 거친가루 및 고운가루,2025.11,285,1111
"식품 및 산동물","곡식 및 곡식가공품",곡식가공품 및 곡분,2025.09,74271,99805
"식품 및 산동물","곡식 및 곡식가공품",곡식가공품 및 곡분,2025.10,55966,81564
"식품 및 산동물","곡식 및 곡식가공품",곡식가공품 및 곡분,2025.11,64751,74154
"식품 및 산동물","채소 및 과실",소계,2025.09,126803,375734
"식품 및 산동물","채소 및 과실",소계,2025.10,113051,311785
"식품 및 산동물","채소 및 과실",소계,2025.11,145013,307378
"식품 및 산동물","채소 및 과실",채소신선냉장냉동 또는 단순히 저장한 것,2025.09,8275,72856
"식품 및 산동물","채소 및 과실",채소신선냉장냉동 또는 단순히 저장한 것,2025.10,7755,60087
"식품 및 산동물","채소 및 과실",채소신선냉장냉동 또는 단순히 저장한 것,2025.11,9797,61267
"식품 및 산동물","채소 및 과실",달리 명시되지 않은 조제 및 저장한 채소구근 및 괴경,2025.09,18769,89720
"식품 및 산동물","채소 및 과실",달리 명시되지 않은 조제 및 저장한 채소구근 및 괴경,2025.10,14587,77757
"식품 및 산동물","채소 및 과실",달리 명시되지 않은 조제 및 저장한 채소구근 및 괴경,2025.11,16608,80113
"식품 및 산동물","채소 및 과실",과실 및 견과(기름용 견과 제외)신선 또는 건조한 것,2025.09,25912,123479
"식품 및 산동물","채소 및 과실",과실 및 견과(기름용 견과 제외)신선 또는 건조한 것,2025.10,30955,94059
"식품 및 산동물","채소 및 과실",과실 및 견과(기름용 견과 제외)신선 또는 건조한 것,2025.11,38559,94257
"식품 및 산동물","채소 및 과실",저장과실과 과실조제품(과실쥬스는 제외),2025.09,70797,65778
"식품 및 산동물","채소 및 과실",저장과실과 과실조제품(과실쥬스는 제외),2025.10,58539,57932
"식품 및 산동물","채소 및 과실",저장과실과 과실조제품(과실쥬스는 제외),2025.11,76843,56656
"식품 및 산동물","채소 및 과실",과일쥬스(포도즙 포함)와 채소 쥬스,2025.09,3050,23901
"식품 및 산동물","채소 및 과실",과일쥬스(포도즙 포함)와 채소 쥬스,2025.10,1215,21951
"식품 및 산동물","채소 및 과실",과일쥬스(포도즙 포함)와 채소 쥬스,2025.11,3207,15084
"식품 및 산동물","설탕,설탕조제품 및 벌꿀",소계,2025.09,29525,108794
"식품 및 산동물","설탕,설탕조제품 및 벌꿀",소계,2025.10,27217,105223
"식품 및 산동물","설탕,설탕조제품 및 벌꿀",소계,2025.11,27184,103695
"식품 및 산동물","설탕,설탕조제품 및 벌꿀",설탕당밀과 벌꿀,2025.09,18357,82323
"식품 및 산동물","설탕,설탕조제품 및 벌꿀",설탕당밀과 벌꿀,2025.10,17851,77783
"식품 및 산동물","설탕,설탕조제품 및 벌꿀",설탕당밀과 벌꿀,2025.11,18358,75468
"식품 및 산동물","설탕,설탕조제품 및 벌꿀",설탕과자,2025.09,11169,26471
"식품 및 산동물","설탕,설탕조제품 및 벌꿀",설탕과자,2025.10,9366,27439
"식품 및 산동물","설탕,설탕조제품 및 벌꿀",설탕과자,2025.11,8826,28227
"식품 및 산동물","커피,차,코코아,향신료 및 동제품",소계,2025.09,42734,236358
"식품 및 산동물","커피,차,코코아,향신료 및 동제품",소계,2025.10,39543,207388
"식품 및 산동물","커피,차,코코아,향신료 및 동제품",소계,2025.11,35901,198604
"식품 및 산동물","커피,차,코코아,향신료 및 동제품",커피 및 커피대용품,2025.09,28084,165495
"식품 및 산동물","커피,차,코코아,향신료 및 동제품",커피 및 커피대용품,2025.10,26348,143627
"식품 및 산동물","커피,차,코코아,향신료 및 동제품",커피 및 커피대용품,2025.11,22890,134295
"식품 및 산동물","커피,차,코코아,향신료 및 동제품",코코아,2025.09,458,13999
"식품 및 산동물","커피,차,코코아,향신료 및 동제품",코코아,2025.10,464,11761
"식품 및 산동물","커피,차,코코아,향신료 및 동제품",코코아,2025.11,280,10156
"식품 및 산동물","커피,차,코코아,향신료 및 동제품",달리 명시되지 않은 초코렛과 코코아를 함유한 기타 조제식료품,2025.09,7718,44438
"식품 및 산동물","커피,차,코코아,향신료 및 동제품",달리 명시되지 않은 초코렛과 코코아를 함유한 기타 조제식료품,2025.10,7296,40400
"식품 및 산동물","커피,차,코코아,향신료 및 동제품",달리 명시되지 않은 초코렛과 코코아를 함유한 기타 조제식료품,2025.11,7339,37967
"식품 및 산동물","커피,차,코코아,향신료 및 동제품",차와 마태,2025.09,4183,4858
"식품 및 산동물","커피,차,코코아,향신료 및 동제품",차와 마태,2025.10,3783,4052
"식품 및 산동물","커피,차,코코아,향신료 및 동제품",차와 마태,2025.11,3358,4556
"식품 및 산동물","커피,차,코코아,향신료 및 동제품",향신료,2025.09,2291,7568
"식품 및 산동물","커피,차,코코아,향신료 및 동제품",향신료,2025.10,1652,7548
"식품 및 산동물","커피,차,코코아,향신료 및 동제품",향신료,2025.11,2035,11630
"식품 및 산동물","동물사료",소계,2025.09,31901,239897
"식품 및 산동물","동물사료",소계,2025.10,23553,222864
"식품 및 산동물","동물사료",소계,2025.11,28224,201014
"식품 및 산동물","동물사료",동물사료,2025.09,31901,239897
"식품 및 산동물","동물사료",동물사료,2025.10,23553,222864
"식품 및 산동물","동물사료",동물사료,2025.11,28224,201014
"식품 및 산동물","기타 식용제품 및 조제품",소계,2025.09,320252,278785
"식품 및 산동물","기타 식용제품 및 조제품",소계,2025.10,267499,236080
"식품 및 산동물","기타 식용제품 및 조제품",소계,2025.11,288176,240353
"식품 및 산동물","기타 식용제품 및 조제품",마아가린  및 쇼트닝,2025.09,905,15898
"식품 및 산동물","기타 식용제품 및 조제품",마아가린  및 쇼트닝,2025.10,734,13531
"식품 및 산동물","기타 식용제품 및 조제품",마아가린  및 쇼트닝,2025.11,1782,13110
"식품 및 산동물","기타 식용제품 및 조제품",달리 명시되지 않은 식용제품 및 조제품,2025.09,319347,262887
"식품 및 산동물","기타 식용제품 및 조제품",달리 명시되지 않은 식용제품 및 조제품,2025.10,266765,222549
"식품 및 산동물","기타 식용제품 및 조제품",달리 명시되지 않은 식용제품 및 조제품,2025.11,286394,227243
"음료 및 담배","소계",소계,2025.09,203971,152322
"음료 및 담배","소계",소계,2025.10,150986,143395
"음료 및 담배","소계",소계,2025.11,177371,130033
"음료 및 담배","음료",소계,2025.09,105733,108094
"음료 및 담배","음료",소계,2025.10,80025,101577
"음료 및 담배","음료",소계,2025.11,87802,91335
"음료 및 담배","음료",달리 명시되지 않은 비알콜성음료,2025.09,70698,16870
"음료 및 담배","음료",달리 명시되지 않은 비알콜성음료,2025.10,54353,14690
"음료 및 담배","음료",달리 명시되지 않은 비알콜성음료,2025.11,51603,13994
"음료 및 담배","음료",알콜성 음료,2025.09,35035,91224
"음료 및 담배","음료",알콜성 음료,2025.10,25672,86887
"음료 및 담배","음료",알콜성 음료,2025.11,36198,77342
"음료 및 담배","담배 및 담배제품",소계,2025.09,98237,44228
"음료 및 담배","담배 및 담배제품",소계,2025.10,70961,41818
"음료 및 담배","담배 및 담배제품",소계,2025.11,89569,38698
"음료 및 담배","담배 및 담배제품",잎담배 및 담배 부산물,2025.09,1792,30738
"음료 및 담배","담배 및 담배제품",잎담배 및 담배 부산물,2025.10,1395,29217
"음료 및 담배","담배 및 담배제품",잎담배 및 담배 부산물,2025.11,5250,25948
"음료 및 담배","담배 및 담배제품",제조담배,2025.09,96445,13489
"음료 및 담배","담배 및 담배제품",제조담배,2025.10,69565,12601
"음료 및 담배","담배 및 담배제품",제조담배,2025.11,84319,12750
"비식용원재료(연료제외)","소계",소계,2025.09,693923,3180889
"비식용원재료(연료제외)","소계",소계,2025.10,597715,3184685
"비식용원재료(연료제외)","소계",소계,2025.11,683325,2926923
"비식용원재료(연료제외)","원피 및 모피",소계,2025.09,36,4602
"비식용원재료(연료제외)","원피 및 모피",소계,2025.10,63,4455
"비식용원재료(연료제외)","원피 및 모피",소계,2025.11,7,4278
"비식용원재료(연료제외)","원피 및 모피",원피(모피제외),2025.09,36,4602
"비식용원재료(연료제외)","원피 및 모피",원피(모피제외),2025.10,63,4353
"비식용원재료(연료제외)","원피 및 모피",원피(모피제외),2025.11,7,4278
"비식용원재료(연료제외)","원피 및 모피",생모피,2025.10,-,102
"비식용원재료(연료제외)","기름용씨 및 기름함유 열매",소계,2025.09,288,76925
"비식용원재료(연료제외)","기름용씨 및 기름함유 열매",소계,2025.10,219,79367
"비식용원재료(연료제외)","기름용씨 및 기름함유 열매",소계,2025.11,285,79169
"비식용원재료(연료제외)","기름용씨 및 기름함유 열매",기름용씨및 식물성기름 추출용의 것,2025.09,145,66853
"비식용원재료(연료제외)","기름용씨 및 기름함유 열매",기름용씨및 식물성기름 추출용의 것,2025.10,130,67980
"비식용원재료(연료제외)","기름용씨 및 기름함유 열매",기름용씨및 식물성기름 추출용의 것,2025.11,95,61501
"비식용원재료(연료제외)","기름용씨 및 기름함유 열매",기타 기름용씨 및 기름함유 열매,2025.09,143,10073
"비식용원재료(연료제외)","기름용씨 및 기름함유 열매",기타 기름용씨 및 기름함유 열매,2025.10,89,11387
"비식용원재료(연료제외)","기름용씨 및 기름함유 열매",기타 기름용씨 및 기름함유 열매,2025.11,190,17668
"비식용원재료(연료제외)","생고무(합성 및 재생고무 포함)",소계,2025.09,260405,69687
"비식용원재료(연료제외)","생고무(합성 및 재생고무 포함)",소계,2025.10,225349,65520
"비식용원재료(연료제외)","생고무(합성 및 재생고무 포함)",소계,2025.11,231314,69131
"비식용원재료(연료제외)","생고무(합성 및 재생고무 포함)",천연고무발라타.구타페으카.가이율.치클 및 이와 유사한 천연검,2025.09,5404,39230
"비식용원재료(연료제외)","생고무(합성 및 재생고무 포함)",천연고무발라타.구타페으카.가이율.치클 및 이와 유사한 천연검,2025.10,2010,39360
"비식용원재료(연료제외)","생고무(합성 및 재생고무 포함)",천연고무발라타.구타페으카.가이율.치클 및 이와 유사한 천연검,2025.11,4340,44400
"비식용원재료(연료제외)","생고무(합성 및 재생고무 포함)",합성고무재생고무,2025.09,255001,30457
"비식용원재료(연료제외)","생고무(합성 및 재생고무 포함)",합성고무재생고무,2025.10,223339,26160
"비식용원재료(연료제외)","생고무(합성 및 재생고무 포함)",합성고무재생고무,2025.11,226974,24731
"비식용원재료(연료제외)","콜크 및 나무",소계,2025.09,604,133977
"비식용원재료(연료제외)","콜크 및 나무",소계,2025.10,454,113088
"비식용원재료(연료제외)","콜크 및 나무",소계,2025.11,226,107820
"비식용원재료(연료제외)","콜크 및 나무",천연콜크및 천연콜크찌꺼기,2025.09,34,105
"비식용원재료(연료제외)","콜크 및 나무",천연콜크및 천연콜크찌꺼기,2025.10,18,157
"비식용원재료(연료제외)","콜크 및 나무",천연콜크및 천연콜크찌꺼기,2025.11,11,276
"비식용원재료(연료제외)","콜크 및 나무",연료용 나무(나무찌꺼기 제외) 및 숯,2025.09,4,8306
"비식용원재료(연료제외)","콜크 및 나무",연료용 나무(나무찌꺼기 제외) 및 숯,2025.10,43,8145
"비식용원재료(연료제외)","콜크 및 나무",연료용 나무(나무찌꺼기 제외) 및 숯,2025.11,11,7982
"비식용원재료(연료제외)","콜크 및 나무",나무(칩상 또는 삭편상)및 나무찌꺼기,2025.09,3,64831
"비식용원재료(연료제외)","콜크 및 나무",나무(칩상 또는 삭편상)및 나무찌꺼기,2025.10,3,52335
"비식용원재료(연료제외)","콜크 및 나무",나무(칩상 또는 삭편상)및 나무찌꺼기,2025.11,0,45881
"비식용원재료(연료제외)","콜크 및 나무",원목,2025.09,3,17830
"비식용원재료(연료제외)","콜크 및 나무",원목,2025.10,57,16590
"비식용원재료(연료제외)","콜크 및 나무",원목,2025.11,-,16922
"비식용원재료(연료제외)","콜크 및 나무",간단히 가공한 나무 및 철도용 침목,2025.09,560,42905
"비식용원재료(연료제외)","콜크 및 나무",간단히 가공한 나무 및 철도용 침목,2025.10,333,35861
"비식용원재료(연료제외)","콜크 및 나무",간단히 가공한 나무 및 철도용 침목,2025.11,204,36757
"비식용원재료(연료제외)","펄프 및 폐지",소계,2025.09,10423,101494
"비식용원재료(연료제외)","펄프 및 폐지",소계,2025.10,8771,116053
"비식용원재료(연료제외)","펄프 및 폐지",소계,2025.11,8654,97252
"비식용원재료(연료제외)","펄프 및 폐지",펄프 및 폐지,2025.09,10423,101494
"비식용원재료(연료제외)","펄프 및 폐지",펄프 및 폐지,2025.10,8771,116053
"비식용원재료(연료제외)","펄프 및 폐지",펄프 및 폐지,2025.11,8654,97252
"비식용원재료(연료제외)","섬유 및 그 웨이스트",소계,2025.09,116284,32351
"비식용원재료(연료제외)","섬유 및 그 웨이스트",소계,2025.10,93411,25762
"비식용원재료(연료제외)","섬유 및 그 웨이스트",소계,2025.11,100878,29774
"비식용원재료(연료제외)","섬유 및 그 웨이스트",견,2025.09,-,205
"비식용원재료(연료제외)","섬유 및 그 웨이스트",견,2025.10,-,160
"비식용원재료(연료제외)","섬유 및 그 웨이스트",견,2025.11,-,604
"비식용원재료(연료제외)","섬유 및 그 웨이스트",면,2025.09,1183,7479
"비식용원재료(연료제외)","섬유 및 그 웨이스트",면,2025.10,1025,6776
"비식용원재료(연료제외)","섬유 및 그 웨이스트",면,2025.11,1168,8167
"비식용원재료(연료제외)","섬유 및 그 웨이스트",달리명시되지 않은 황마와 기타의 방직용 인피섬유,2025.09,-,247
"비식용원재료(연료제외)","섬유 및 그 웨이스트",달리명시되지 않은 황마와 기타의 방직용 인피섬유,2025.10,-,102
"비식용원재료(연료제외)","섬유 및 그 웨이스트",달리명시되지 않은 황마와 기타의 방직용 인피섬유,2025.11,3,74
"비식용원재료(연료제외)","섬유 및 그 웨이스트",식물성 섬유 : 동섬유의 부스러기,2025.09,0,136
"비식용원재료(연료제외)","섬유 및 그 웨이스트",식물성 섬유 : 동섬유의 부스러기,2025.10,5,114
"비식용원재료(연료제외)","섬유 및 그 웨이스트",식물성 섬유 : 동섬유의 부스러기,2025.11,0,5
"비식용원재료(연료제외)","섬유 및 그 웨이스트",방적에 적합한 합성섬유,2025.09,74607,4020
"비식용원재료(연료제외)","섬유 및 그 웨이스트",방적에 적합한 합성섬유,2025.10,62764,4288
"비식용원재료(연료제외)","섬유 및 그 웨이스트",방적에 적합한 합성섬유,2025.11,66969,4345
"비식용원재료(연료제외)","섬유 및 그 웨이스트",방적에 적합한 기타 인공섬유,2025.09,11036,11313
"비식용원재료(연료제외)","섬유 및 그 웨이스트",방적에 적합한 기타 인공섬유,2025.10,6092,7874
"비식용원재료(연료제외)","섬유 및 그 웨이스트",방적에 적합한 기타 인공섬유,2025.11,7044,9219
"비식용원재료(연료제외)","섬유 및 그 웨이스트",양모 및 기타 수모(양모톱 제외),2025.09,2,5156
"비식용원재료(연료제외)","섬유 및 그 웨이스트",양모 및 기타 수모(양모톱 제외),2025.10,3,4020
"비식용원재료(연료제외)","섬유 및 그 웨이스트",양모 및 기타 수모(양모톱 제외),2025.11,54,4923
"비식용원재료(연료제외)","섬유 및 그 웨이스트",낡은 의류 및 기타 낡은 섬유제품 : 넝마,2025.09,29456,3796
"비식용원재료(연료제외)","섬유 및 그 웨이스트",낡은 의류 및 기타 낡은 섬유제품 : 넝마,2025.10,23522,2426
"비식용원재료(연료제외)","섬유 및 그 웨이스트",낡은 의류 및 기타 낡은 섬유제품 : 넝마,2025.11,25641,2437
"비식용원재료(연료제외)","미가공 비료 및 미가공 광물",소계,2025.09,41060,97220
"비식용원재료(연료제외)","미가공 비료 및 미가공 광물",소계,2025.10,40700,75526
"비식용원재료(연료제외)","미가공 비료 및 미가공 광물",소계,2025.11,38368,71386
"비식용원재료(연료제외)","미가공 비료 및 미가공 광물",미가공비료(56항의 것 제외),2025.09,2817,10357
"비식용원재료(연료제외)","미가공 비료 및 미가공 광물",미가공비료(56항의 것 제외),2025.10,2345,380
"비식용원재료(연료제외)","미가공 비료 및 미가공 광물",미가공비료(56항의 것 제외),2025.11,2133,597
"비식용원재료(연료제외)","미가공 비료 및 미가공 광물",돌모래 및 자갈,2025.09,958,8064
"비식용원재료(연료제외)","미가공 비료 및 미가공 광물",돌모래 및 자갈,2025.10,857,12817
"비식용원재료(연료제외)","미가공 비료 및 미가공 광물",돌모래 및 자갈,2025.11,988,10448
"비식용원재료(연료제외)","미가공 비료 및 미가공 광물",유황 및 하소하지 않은 황하철광,2025.09,28908,74
"비식용원재료(연료제외)","미가공 비료 및 미가공 광물",유황 및 하소하지 않은 황하철광,2025.10,30243,174
"비식용원재료(연료제외)","미가공 비료 및 미가공 광물",유황 및 하소하지 않은 황하철광,2025.11,26680,405
"비식용원재료(연료제외)","미가공 비료 및 미가공 광물",달리 명시되지 않은 천연연마재(공업용 다이아몬드 포함),2025.09,1768,5721
"비식용원재료(연료제외)","미가공 비료 및 미가공 광물",달리 명시되지 않은 천연연마재(공업용 다이아몬드 포함),2025.10,1821,14216
"비식용원재료(연료제외)","미가공 비료 및 미가공 광물",달리 명시되지 않은 천연연마재(공업용 다이아몬드 포함),2025.11,2290,11793
"비식용원재료(연료제외)","미가공 비료 및 미가공 광물",기타 미가공 광물,2025.09,6610,73005
"비식용원재료(연료제외)","미가공 비료 및 미가공 광물",기타 미가공 광물,2025.10,5434,47938
"비식용원재료(연료제외)","미가공 비료 및 미가공 광물",기타 미가공 광물,2025.11,6277,48144
"비식용원재료(연료제외)","금속성 광석 및 금속 부스러기",소계,2025.09,202034,2579492
"비식용원재료(연료제외)","금속성 광석 및 금속 부스러기",소계,2025.10,171938,2625988
"비식용원재료(연료제외)","금속성 광석 및 금속 부스러기",소계,2025.11,251240,2382641
"비식용원재료(연료제외)","금속성 광석 및 금속 부스러기",철광석 및 정광,2025.09,1135,567250
"비식용원재료(연료제외)","금속성 광석 및 금속 부스러기",철광석 및 정광,2025.10,652,709892
"비식용원재료(연료제외)","금속성 광석 및 금속 부스러기",철광석 및 정광,2025.11,1731,571292
"비식용원재료(연료제외)","금속성 광석 및 금속 부스러기",철의 웨이스트와 스크랩 및 철강의 재용해용 잉곳,2025.09,22577,103262
"비식용원재료(연료제외)","금속성 광석 및 금속 부스러기",철의 웨이스트와 스크랩 및 철강의 재용해용 잉곳,2025.10,15012,80829
"비식용원재료(연료제외)","금속성 광석 및 금속 부스러기",철의 웨이스트와 스크랩 및 철강의 재용해용 잉곳,2025.11,21824,77345
"비식용원재료(연료제외)","금속성 광석 및 금속 부스러기",동광석 및 정광 : 동매트 시멘트동,2025.09,37068,768809
"비식용원재료(연료제외)","금속성 광석 및 금속 부스러기",동광석 및 정광 : 동매트 시멘트동,2025.10,28607,457975
"비식용원재료(연료제외)","금속성 광석 및 금속 부스러기",동광석 및 정광 : 동매트 시멘트동,2025.11,40591,555114
"비식용원재료(연료제외)","금속성 광석 및 금속 부스러기",니켈광석 및 정광 : 니켈매트니켈신터,2025.09,348,18967
"비식용원재료(연료제외)","금속성 광석 및 금속 부스러기",니켈광석 및 정광 : 니켈매트니켈신터,2025.10,826,31141
"비식용원재료(연료제외)","금속성 광석 및 금속 부스러기",니켈광석 및 정광 : 니켈매트니켈신터,2025.11,694,30567
"비식용원재료(연료제외)","금속성 광석 및 금속 부스러기",알루미늄광과 그 정광,2025.09,4214,10750
"비식용원재료(연료제외)","금속성 광석 및 금속 부스러기",알루미늄광과 그 정광,2025.10,3258,10104
"비식용원재료(연료제외)","금속성 광석 및 금속 부스러기",알루미늄광과 그 정광,2025.11,4354,12038
"비식용원재료(연료제외)","금속성 광석 및 금속 부스러기",달리 명시되지 않은 금속의 광석 및 정광(귀금속 제외),2025.09,18455,416935
"비식용원재료(연료제외)","금속성 광석 및 금속 부스러기",달리 명시되지 않은 금속의 광석 및 정광(귀금속 제외),2025.10,11538,643926
"비식용원재료(연료제외)","금속성 광석 및 금속 부스러기",달리 명시되지 않은 금속의 광석 및 정광(귀금속 제외),2025.11,29864,434794
"비식용원재료(연료제외)","금속성 광석 및 금속 부스러기",달리 명시되지 않는 비철금속의 웨이스트,2025.09,92722,444530
"비식용원재료(연료제외)","금속성 광석 및 금속 부스러기",달리 명시되지 않는 비철금속의 웨이스트,2025.10,90395,432970
"비식용원재료(연료제외)","금속성 광석 및 금속 부스러기",달리 명시되지 않는 비철금속의 웨이스트,2025.11,113888,468039
"비식용원재료(연료제외)","금속성 광석 및 금속 부스러기",귀금속의 광석 및 정광 : 귀금속의 웨이스트,2025.09,25515,248989
"비식용원재료(연료제외)","금속성 광석 및 금속 부스러기",귀금속의 광석 및 정광 : 귀금속의 웨이스트,2025.10,21650,259150
"비식용원재료(연료제외)","금속성 광석 및 금속 부스러기",귀금속의 광석 및 정광 : 귀금속의 웨이스트,2025.11,38294,233451
"비식용원재료(연료제외)","달리 명시되지 않은 미가공 동식물성 물질",소계,2025.09,62788,85142
"비식용원재료(연료제외)","달리 명시되지 않은 미가공 동식물성 물질",소계,2025.10,56809,78926
"비식용원재료(연료제외)","달리 명시되지 않은 미가공 동식물성 물질",소계,2025.11,52353,85473
"비식용원재료(연료제외)","달리 명시되지 않은 미가공 동식물성 물질",달리 명시되지 않은 미가동 동물성 물질,2025.09,4353,19788
"비식용원재료(연료제외)","달리 명시되지 않은 미가공 동식물성 물질",달리 명시되지 않은 미가동 동물성 물질,2025.10,3821,14455
"비식용원재료(연료제외)","달리 명시되지 않은 미가공 동식물성 물질",달리 명시되지 않은 미가동 동물성 물질,2025.11,4666,16272
"비식용원재료(연료제외)","달리 명시되지 않은 미가공 동식물성 물질",달리 명시되지 않은 미가공 식물성 물질,2025.09,58435,65353
"비식용원재료(연료제외)","달리 명시되지 않은 미가공 동식물성 물질",달리 명시되지 않은 미가공 식물성 물질,2025.10,52988,64471
"비식용원재료(연료제외)","달리 명시되지 않은 미가공 동식물성 물질",달리 명시되지 않은 미가공 식물성 물질,2025.11,47687,69201
"광물성연료,윤활유 및 관련물질","소계",소계,2025.09,4310167,11297466
"광물성연료,윤활유 및 관련물질","소계",소계,2025.10,3925140,11864343
"광물성연료,윤활유 및 관련물질","소계",소계,2025.11,3384757,10260928
"광물성연료,윤활유 및 관련물질","석탄,코크 및 연탄",소계,2025.09,57,1194120
"광물성연료,윤활유 및 관련물질","석탄,코크 및 연탄",소계,2025.10,5,1018154
"광물성연료,윤활유 및 관련물질","석탄,코크 및 연탄",소계,2025.11,95,1103101
"광물성연료,윤활유 및 관련물질","석탄,코크 및 연탄",석탄,2025.09,13,1182147
"광물성연료,윤활유 및 관련물질","석탄,코크 및 연탄",석탄,2025.10,5,1004103
"광물성연료,윤활유 및 관련물질","석탄,코크 및 연탄",석탄,2025.11,17,1090139
"광물성연료,윤활유 및 관련물질","석탄,코크 및 연탄",석탄갈탄 및 토탄,2025.09,12,1703
"광물성연료,윤활유 및 관련물질","석탄,코크 및 연탄",석탄갈탄 및 토탄,2025.10,-,2407
"광물성연료,윤활유 및 관련물질","석탄,코크 및 연탄",석탄갈탄 및 토탄,2025.11,5,1663
"광물성연료,윤활유 및 관련물질","석탄,코크 및 연탄",석탄갈탄또는 토탄의 코크 및 반성코크 : 분류카아본,2025.09,33,10269
"광물성연료,윤활유 및 관련물질","석탄,코크 및 연탄",석탄갈탄또는 토탄의 코크 및 반성코크 : 분류카아본,2025.10,-,11643
"광물성연료,윤활유 및 관련물질","석탄,코크 및 연탄",석탄갈탄또는 토탄의 코크 및 반성코크 : 분류카아본,2025.11,72,11299
"광물성연료,윤활유 및 관련물질","석유,석유제품 및 관련물질",소계,2025.09,4282506,7643987
"광물성연료,윤활유 및 관련물질","석유,석유제품 및 관련물질",소계,2025.10,3903830,8800756
"광물성연료,윤활유 및 관련물질","석유,석유제품 및 관련물질",소계,2025.11,3357478,7124962
"광물성연료,윤활유 및 관련물질","석유,석유제품 및 관련물질",원유 및 역청질 광물원유,2025.09,-,5743708
"광물성연료,윤활유 및 관련물질","석유,석유제품 및 관련물질",원유 및 역청질 광물원유,2025.10,-,7059476
"광물성연료,윤활유 및 관련물질","석유,석유제품 및 관련물질",원유 및 역청질 광물원유,2025.11,-,5590753
"광물성연료,윤활유 및 관련물질","석유,석유제품 및 관련물질",석유와 역청유(원유를 제외) 및 이들의 조제품,2025.09,4117943,1852867
"광물성연료,윤활유 및 관련물질","석유,석유제품 및 관련물질",석유와 역청유(원유를 제외) 및 이들의 조제품,2025.10,3758891,1681029
"광물성연료,윤활유 및 관련물질","석유,석유제품 및 관련물질",석유와 역청유(원유를 제외) 및 이들의 조제품,2025.11,3209751,1480398
"광물성연료,윤활유 및 관련물질","석유,석유제품 및 관련물질",달리 명시되지 않은 않은 잔여 석유생산물 및 관련물질,2025.09,164563,47412
"광물성연료,윤활유 및 관련물질","석유,석유제품 및 관련물질",달리 명시되지 않은 않은 잔여 석유생산물 및 관련물질,2025.10,144939,60251
"광물성연료,윤활유 및 관련물질","석유,석유제품 및 관련물질",달리 명시되지 않은 않은 잔여 석유생산물 및 관련물질,2025.11,147727,53811
"광물성연료,윤활유 및 관련물질","천연가스 및 제조가스",소계,2025.09,27603,2459359
"광물성연료,윤활유 및 관련물질","천연가스 및 제조가스",소계,2025.10,21305,2045434
"광물성연료,윤활유 및 관련물질","천연가스 및 제조가스",소계,2025.11,27185,2032865
"광물성연료,윤활유 및 관련물질","천연가스 및 제조가스",액화프로판 및 부탄,2025.09,20150,390329
"광물성연료,윤활유 및 관련물질","천연가스 및 제조가스",액화프로판 및 부탄,2025.10,13870,346637
"광물성연료,윤활유 및 관련물질","천연가스 및 제조가스",액화프로판 및 부탄,2025.11,16212,357197
"광물성연료,윤활유 및 관련물질","천연가스 및 제조가스",천연개스,2025.09,0,2062367
"광물성연료,윤활유 및 관련물질","천연가스 및 제조가스",천연개스,2025.10,0,1691856
"광물성연료,윤활유 및 관련물질","천연가스 및 제조가스",천연개스,2025.11,2008,1672860
"광물성연료,윤활유 및 관련물질","천연가스 및 제조가스",기타 석유가스 및 달리 명시되지 않은 기타 가스성 탄화수소,2025.09,7380,6663
"광물성연료,윤활유 및 관련물질","천연가스 및 제조가스",기타 석유가스 및 달리 명시되지 않은 기타 가스성 탄화수소,2025.10,7435,6942
"광물성연료,윤활유 및 관련물질","천연가스 및 제조가스",기타 석유가스 및 달리 명시되지 않은 기타 가스성 탄화수소,2025.11,8939,2809
"광물성연료,윤활유 및 관련물질","천연가스 및 제조가스",석탄가스수성가스발생로가스 및 유사가스,2025.09,74,-
"광물성연료,윤활유 및 관련물질","천연가스 및 제조가스",석탄가스수성가스발생로가스 및 유사가스,2025.11,27,-
"동식물성유지 및 왁스","소계",소계,2025.09,19016,198809
"동식물성유지 및 왁스","소계",소계,2025.10,51008,188751
"동식물성유지 및 왁스","소계",소계,2025.11,15556,215636
"동식물성유지 및 왁스","동물성 유지",소계,2025.09,2075,3286
"동식물성유지 및 왁스","동물성 유지",소계,2025.10,4828,2460
"동식물성유지 및 왁스","동물성 유지",소계,2025.11,2375,1902
"동식물성유지 및 왁스","동물성 유지",동물성 유지,2025.09,2075,3286
"동식물성유지 및 왁스","동물성 유지",동물성 유지,2025.10,4828,2460
"동식물성유지 및 왁스","동물성 유지",동물성 유지,2025.11,2375,1902
"동식물성유지 및 왁스","불휘발성 식물성기름,조유,정제 또는 분획된 것",소계,2025.09,3076,171775
"동식물성유지 및 왁스","불휘발성 식물성기름,조유,정제 또는 분획된 것",소계,2025.10,2369,155187
"동식물성유지 및 왁스","불휘발성 식물성기름,조유,정제 또는 분획된 것",소계,2025.11,2804,156881
"동식물성유지 및 왁스","불휘발성 식물성기름,조유,정제 또는 분획된 것",연성불휘발성 식물성기름,2025.09,2514,95864
"동식물성유지 및 왁스","불휘발성 식물성기름,조유,정제 또는 분획된 것",연성불휘발성 식물성기름,2025.10,1774,82892
"동식물성유지 및 왁스","불휘발성 식물성기름,조유,정제 또는 분획된 것",연성불휘발성 식물성기름,2025.11,2076,109151
"동식물성유지 및 왁스","불휘발성 식물성기름,조유,정제 또는 분획된 것",불휘발성의 식물성유지가공하지 않은것조상정제 또는 분별한것,2025.09,562,75911
"동식물성유지 및 왁스","불휘발성 식물성기름,조유,정제 또는 분획된 것",불휘발성의 식물성유지가공하지 않은것조상정제 또는 분별한것,2025.10,595,72295
"동식물성유지 및 왁스","불휘발성 식물성기름,조유,정제 또는 분획된 것",불휘발성의 식물성유지가공하지 않은것조상정제 또는 분별한것,2025.11,727,47730
"동식물성유지 및 왁스","달리 분류되지 않은 동식물성유지,처리한 것",소계,2025.09,13865,23748
"동식물성유지 및 왁스","달리 분류되지 않은 동식물성유지,처리한 것",소계,2025.10,43812,31103
"동식물성유지 및 왁스","달리 분류되지 않은 동식물성유지,처리한 것",소계,2025.11,10377,56852
"동식물성유지 및 왁스","달리 분류되지 않은 동식물성유지,처리한 것",달리 분류되지 않은 동식물성유지처리한 것왁스,2025.09,13865,23748
"동식물성유지 및 왁스","달리 분류되지 않은 동식물성유지,처리한 것",달리 분류되지 않은 동식물성유지처리한 것왁스,2025.10,43812,31103
"동식물성유지 및 왁스","달리 분류되지 않은 동식물성유지,처리한 것",달리 분류되지 않은 동식물성유지처리한 것왁스,2025.11,10377,56852
"화학물 및 관련제품","소계",소계,2025.09,8501240,5702534
"화학물 및 관련제품","소계",소계,2025.10,6899627,4932962
"화학물 및 관련제품","소계",소계,2025.11,7167122,4894112
"화학물 및 관련제품","유기화학물",소계,2025.09,1718418,1231599
"화학물 및 관련제품","유기화학물",소계,2025.10,1442874,1023440
"화학물 및 관련제품","유기화학물",소계,2025.11,1443742,1037750
"화학물 및 관련제품","유기화학물",달리 명시되지 않은 탄화수소 및 그 유도체,2025.09,958459,283292
"화학물 및 관련제품","유기화학물",달리 명시되지 않은 탄화수소 및 그 유도체,2025.10,913588,227059
"화학물 및 관련제품","유기화학물",달리 명시되지 않은 탄화수소 및 그 유도체,2025.11,823269,214652
"화학물 및 관련제품","유기화학물",알콜페놀-알콜 및 그들의 할로겐화,2025.09,82316,228184
"화학물 및 관련제품","유기화학물",알콜페놀-알콜 및 그들의 할로겐화,2025.10,72342,217887
"화학물 및 관련제품","유기화학물",알콜페놀-알콜 및 그들의 할로겐화,2025.11,89270,227045
"화학물 및 관련제품","유기화학물",카르복시산과 그들의 무수물.할로겐화물.과산화물과 과산화산,2025.09,286910,126627
"화학물 및 관련제품","유기화학물",카르복시산과 그들의 무수물.할로겐화물.과산화물과 과산화산,2025.10,185237,101996
"화학물 및 관련제품","유기화학물",카르복시산과 그들의 무수물.할로겐화물.과산화물과 과산화산,2025.11,244868,103132
"화학물 및 관련제품","유기화학물",질소관능화합물,2025.09,173315,173212
"화학물 및 관련제품","유기화학물",질소관능화합물,2025.10,131875,138178
"화학물 및 관련제품","유기화학물",질소관능화합물,2025.11,146176,158392
"화학물 및 관련제품","유기화학물",유기-무기화합물헤테르고리화합물헥산,2025.09,164387,313417
"화학물 및 관련제품","유기화학물",유기-무기화합물헤테르고리화합물헥산,2025.10,101099,257479
"화학물 및 관련제품","유기화학물",유기-무기화합물헤테르고리화합물헥산,2025.11,96367,248423
"화학물 및 관련제품","유기화학물",기타 유기화합물,2025.09,53031,106867
"화학물 및 관련제품","유기화학물",기타 유기화합물,2025.10,38734,80840
"화학물 및 관련제품","유기화학물",기타 유기화합물,2025.11,43792,86107
"화학물 및 관련제품","무기화학물",소계,2025.09,753682,851403
"화학물 및 관련제품","무기화학물",소계,2025.10,651884,895135
"화학물 및 관련제품","무기화학물",소계,2025.11,679763,894838
"화학물 및 관련제품","무기화학물",무기화학원소산화물 및 할로겐염,2025.09,187116,447230
"화학물 및 관련제품","무기화학물",무기화학원소산화물 및 할로겐염,2025.10,182602,416137
"화학물 및 관련제품","무기화학물",무기화학원소산화물 및 할로겐염,2025.11,178056,481572
"화학물 및 관련제품","무기화학물",무기산의 금속염 및 과산화염,2025.09,72410,104034
"화학물 및 관련제품","무기화학물",무기산의 금속염 및 과산화염,2025.10,69107,112498
"화학물 및 관련제품","무기화학물",무기산의 금속염 및 과산화염,2025.11,75183,114421
"화학물 및 관련제품","무기화학물",기타 무기화학물,2025.09,487724,181283
"화학물 및 관련제품","무기화학물",기타 무기화학물,2025.10,389304,162186
"화학물 및 관련제품","무기화학물",기타 무기화학물,2025.11,414724,192983
"화학물 및 관련제품","무기화학물",방사선 및 관련물질,2025.09,6432,118856
"화학물 및 관련제품","무기화학물",방사선 및 관련물질,2025.10,10871,204314
"화학물 및 관련제품","무기화학물",방사선 및 관련물질,2025.11,11801,105862
"화학물 및 관련제품","염료,유연제 및 착색제",소계,2025.09,263599,225008
"화학물 및 관련제품","염료,유연제 및 착색제",소계,2025.10,215071,182869
"화학물 및 관련제품","염료,유연제 및 착색제",소계,2025.11,207159,170702
"화학물 및 관련제품","염료,유연제 및 착색제",합성유기착색제와 그 조제품,2025.09,55141,86039
"화학물 및 관련제품","염료,유연제 및 착색제",합성유기착색제와 그 조제품,2025.10,43286,64182
"화학물 및 관련제품","염료,유연제 및 착색제",합성유기착색제와 그 조제품,2025.11,38235,51522
"화학물 및 관련제품","염료,유연제 및 착색제",염료유연제엑스 및 합성유연제,2025.09,532,9049
"화학물 및 관련제품","염료,유연제 및 착색제",염료유연제엑스 및 합성유연제,2025.10,445,9803
"화학물 및 관련제품","염료,유연제 및 착색제",염료유연제엑스 및 합성유연제,2025.11,454,7053
"화학물 및 관련제품","염료,유연제 및 착색제",안료페인트 니스 및 관련물질,2025.09,207926,129920
"화학물 및 관련제품","염료,유연제 및 착색제",안료페인트 니스 및 관련물질,2025.10,171339,108884
"화학물 및 관련제품","염료,유연제 및 착색제",안료페인트 니스 및 관련물질,2025.11,168471,112127
"화학물 및 관련제품","의약품 및 약제제품",소계,2025.09,959763,1059985
"화학물 및 관련제품","의약품 및 약제제품",소계,2025.10,666926,873679
"화학물 및 관련제품","의약품 및 약제제품",소계,2025.11,878534,875207
"화학물 및 관련제품","의약품 및 약제제품",의약품 및 약제제품(542항 의약품 제외),2025.09,859834,537070
"화학물 및 관련제품","의약품 및 약제제품",의약품 및 약제제품(542항 의약품 제외),2025.10,600664,399369
"화학물 및 관련제품","의약품 및 약제제품",의약품 및 약제제품(542항 의약품 제외),2025.11,792026,426262
"화학물 및 관련제품","의약품 및 약제제품",의약품(수의약품 포함),2025.09,99928,522915
"화학물 및 관련제품","의약품 및 약제제품",의약품(수의약품 포함),2025.10,66262,474310
"화학물 및 관련제품","의약품 및 약제제품",의약품(수의약품 포함),2025.11,86508,448945
"화학물 및 관련제품","정유 및 향료",소계,2025.09,1247676,275917
"화학물 및 관련제품","정유 및 향료",소계,2025.10,1017832,237411
"화학물 및 관련제품","정유 및 향료",소계,2025.11,1038458,221872
"화학물 및 관련제품","정유 및 향료",정유 및 향료,2025.09,5565,29672
"화학물 및 관련제품","정유 및 향료",정유 및 향료,2025.10,4730,27646
"화학물 및 관련제품","정유 및 향료",정유 및 향료,2025.11,4651,24476
"화학물 및 관련제품","정유 및 향료",향수 및 화장품화장용품(비누제외),2025.09,1097891,168311
"화학물 및 관련제품","정유 및 향료",향수 및 화장품화장용품(비누제외),2025.10,876288,145420
"화학물 및 관련제품","정유 및 향료",향수 및 화장품화장용품(비누제외),2025.11,902005,135802
"화학물 및 관련제품","정유 및 향료",비누세척 및 광택제,2025.09,144220,77934
"화학물 및 관련제품","정유 및 향료",비누세척 및 광택제,2025.10,136814,64345
"화학물 및 관련제품","정유 및 향료",비누세척 및 광택제,2025.11,131801,61594
"화학물 및 관련제품","비료",소계,2025.09,33711,60238
"화학물 및 관련제품","비료",소계,2025.10,28305,59681
"화학물 및 관련제품","비료",소계,2025.11,15342,39211
"화학물 및 관련제품","비료",비료(272항의 것 제외),2025.09,33711,60238
"화학물 및 관련제품","비료",비료(272항의 것 제외),2025.10,28305,59681
"화학물 및 관련제품","비료",비료(272항의 것 제외),2025.11,15342,39211
"화학물 및 관련제품","플라스틱(원료형태의 것)",소계,2025.09,2031618,548344
"화학물 및 관련제품","플라스틱(원료형태의 것)",소계,2025.10,1655838,431215
"화학물 및 관련제품","플라스틱(원료형태의 것)",소계,2025.11,1612463,428805
"화학물 및 관련제품","플라스틱(원료형태의 것)",에틸렌의 중합체(일차제품의 것),2025.09,461174,44453
"화학물 및 관련제품","플라스틱(원료형태의 것)",에틸렌의 중합체(일차제품의 것),2025.10,359082,45674
"화학물 및 관련제품","플라스틱(원료형태의 것)",에틸렌의 중합체(일차제품의 것),2025.11,333251,41596
"화학물 및 관련제품","플라스틱(원료형태의 것)",스티렌의 중합체(일차제품의 것),2025.09,246243,17727
"화학물 및 관련제품","플라스틱(원료형태의 것)",스티렌의 중합체(일차제품의 것),2025.10,196587,12914
"화학물 및 관련제품","플라스틱(원료형태의 것)",스티렌의 중합체(일차제품의 것),2025.11,196567,14352
"화학물 및 관련제품","플라스틱(원료형태의 것)",염화비닐의 중합체 또는 할로겐화올레 핀의 중합체(1차제품의 것),2025.09,55378,29462
"화학물 및 관련제품","플라스틱(원료형태의 것)",염화비닐의 중합체 또는 할로겐화올레 핀의 중합체(1차제품의 것),2025.10,41402,25148
"화학물 및 관련제품","플라스틱(원료형태의 것)",염화비닐의 중합체 또는 할로겐화올레 핀의 중합체(1차제품의 것),2025.11,42954,31070
"화학물 및 관련제품","플라스틱(원료형태의 것)",아세탈수지.기타 폴리에테르와 에폭시 수지,2025.09,425948,142274
"화학물 및 관련제품","플라스틱(원료형태의 것)",아세탈수지.기타 폴리에테르와 에폭시 수지,2025.10,361921,127016
"화학물 및 관련제품","플라스틱(원료형태의 것)",아세탈수지.기타 폴리에테르와 에폭시 수지,2025.11,359504,120648
"화학물 및 관련제품","플라스틱(원료형태의 것)",기타 프라스틱(일차제품의 것),2025.09,841100,313268
"화학물 및 관련제품","플라스틱(원료형태의 것)",기타 프라스틱(일차제품의 것),2025.10,695326,219572
"화학물 및 관련제품","플라스틱(원료형태의 것)",기타 프라스틱(일차제품의 것),2025.11,679334,220238
"화학물 및 관련제품","플라스틱(원료형태의 것)",플라스틱의 웨이스트.페어링과 스크램,2025.09,1775,1161
"화학물 및 관련제품","플라스틱(원료형태의 것)",플라스틱의 웨이스트.페어링과 스크램,2025.10,1520,891
"화학물 및 관련제품","플라스틱(원료형태의 것)",플라스틱의 웨이스트.페어링과 스크램,2025.11,854,901
"화학물 및 관련제품","원료형태가 아닌 플라스틱",소계,2025.09,654381,393737
"화학물 및 관련제품","원료형태가 아닌 플라스틱",소계,2025.10,520863,313152
"화학물 및 관련제품","원료형태가 아닌 플라스틱",소계,2025.11,529574,328088
"화학물 및 관련제품","원료형태가 아닌 플라스틱",플라스틱의 관.파이프 및 호오스,2025.09,31402,36723
"화학물 및 관련제품","원료형태가 아닌 플라스틱",플라스틱의 관.파이프 및 호오스,2025.10,25198,30025
"화학물 및 관련제품","원료형태가 아닌 플라스틱",플라스틱의 관.파이프 및 호오스,2025.11,30796,31129
"화학물 및 관련제품","원료형태가 아닌 플라스틱",플라스틱제의 판쉬이트필름박 및 스트¿,2025.09,619320,348711
"화학물 및 관련제품","원료형태가 아닌 플라스틱",플라스틱제의 판쉬이트필름박 및 스트¿,2025.10,492546,276383
"화학물 및 관련제품","원료형태가 아닌 플라스틱",플라스틱제의 판쉬이트필름박 및 스트¿,2025.11,495872,289277
"화학물 및 관련제품","원료형태가 아닌 플라스틱",플라스틱의 모노필라멘트,2025.09,3659,8303
"화학물 및 관련제품","원료형태가 아닌 플라스틱",플라스틱의 모노필라멘트,2025.10,3120,6745
"화학물 및 관련제품","원료형태가 아닌 플라스틱",플라스틱의 모노필라멘트,2025.11,2906,7682
"화학물 및 관련제품","달리 명시되지 않은 화학물질 및 제품",소계,2025.09,838393,1056301
"화학물 및 관련제품","달리 명시되지 않은 화학물질 및 제품",소계,2025.10,700033,916381
"화학물 및 관련제품","달리 명시되지 않은 화학물질 및 제품",소계,2025.11,762086,897637
"화학물 및 관련제품","달리 명시되지 않은 화학물질 및 제품",살충제.살서제(쥐약).살균제,2025.09,98850,16459
"화학물 및 관련제품","달리 명시되지 않은 화학물질 및 제품",살충제.살서제(쥐약).살균제,2025.10,57402,21714
"화학물 및 관련제품","달리 명시되지 않은 화학물질 및 제품",살충제.살서제(쥐약).살균제,2025.11,47883,20460
"화학물 및 관련제품","달리 명시되지 않은 화학물질 및 제품",전분이눌린 및 글루우텐단백질물질 아교,2025.09,91599,103792
"화학물 및 관련제품","달리 명시되지 않은 화학물질 및 제품",전분이눌린 및 글루우텐단백질물질 아교,2025.10,70994,93354
"화학물 및 관련제품","달리 명시되지 않은 화학물질 및 제품",전분이눌린 및 글루우텐단백질물질 아교,2025.11,77805,86182
"화학물 및 관련제품","달리 명시되지 않은 화학물질 및 제품",화약 및 불꽃제품,2025.09,5234,3744
"화학물 및 관련제품","달리 명시되지 않은 화학물질 및 제품",화약 및 불꽃제품,2025.10,6479,7756
"화학물 및 관련제품","달리 명시되지 않은 화학물질 및 제품",화약 및 불꽃제품,2025.11,9087,3192
"화학물 및 관련제품","달리 명시되지 않은 화학물질 및 제품",광물유첨가제 및 유사품,2025.09,29198,64209
"화학물 및 관련제품","달리 명시되지 않은 화학물질 및 제품",광물유첨가제 및 유사품,2025.10,23790,57906
"화학물 및 관련제품","달리 명시되지 않은 화학물질 및 제품",광물유첨가제 및 유사품,2025.11,25780,55886
"화학물 및 관련제품","달리 명시되지 않은 화학물질 및 제품",달리 명시되지 않은 화학잡제품,2025.09,613513,867719
"화학물 및 관련제품","달리 명시되지 않은 화학물질 및 제품",달리 명시되지 않은 화학잡제품,2025.10,541154,735489
"화학물 및 관련제품","달리 명시되지 않은 화학물질 및 제품",달리 명시되지 않은 화학잡제품,2025.11,601203,731295
"화학물 및 관련제품","달리 명시되지 않은 화학물질 및 제품",달리 명시되지 않은 화학물질의 폐기물 도시쓰레기 오수침전물 및 기타 쓰레기,2025.09,-,378
"화학물 및 관련제품","달리 명시되지 않은 화학물질 및 제품",달리 명시되지 않은 화학물질의 폐기물 도시쓰레기 오수침전물 및 기타 쓰레기,2025.10,214,162
"화학물 및 관련제품","달리 명시되지 않은 화학물질 및 제품",달리 명시되지 않은 화학물질의 폐기물 도시쓰레기 오수침전물 및 기타 쓰레기,2025.11,329,622
"재료별 제조제품","소계",소계,2025.09,6076917,4944851
"재료별 제조제품","소계",소계,2025.10,5265510,4239669
"재료별 제조제품","소계",소계,2025.11,5445254,4369502
"재료별 제조제품","가죽제품 및 손질모피",소계,2025.09,29547,29605
"재료별 제조제품","가죽제품 및 손질모피",소계,2025.10,24114,26392
"재료별 제조제품","가죽제품 및 손질모피",소계,2025.11,24304,22581
"재료별 제조제품","가죽제품 및 손질모피",가 죽,2025.09,25079,17583
"재료별 제조제품","가죽제품 및 손질모피",가 죽,2025.10,20209,15788
"재료별 제조제품","가죽제품 및 손질모피",가 죽,2025.11,20673,11533
"재료별 제조제품","가죽제품 및 손질모피",달리 명시되지 않은 가죽제품,2025.09,4269,9629
"재료별 제조제품","가죽제품 및 손질모피",달리 명시되지 않은 가죽제품,2025.10,3830,8886
"재료별 제조제품","가죽제품 및 손질모피",달리 명시되지 않은 가죽제품,2025.11,3572,9326
"재료별 제조제품","가죽제품 및 손질모피",모피(유연처리 또는 완성가공한 것),2025.09,199,2393
"재료별 제조제품","가죽제품 및 손질모피",모피(유연처리 또는 완성가공한 것),2025.10,75,1718
"재료별 제조제품","가죽제품 및 손질모피",모피(유연처리 또는 완성가공한 것),2025.11,59,1723
"재료별 제조제품","달리 명시되지 않은 고무제품",소계,2025.09,337331,189458
"재료별 제조제품","달리 명시되지 않은 고무제품",소계,2025.10,288916,162549
"재료별 제조제품","달리 명시되지 않은 고무제품",소계,2025.11,303366,164749
"재료별 제조제품","달리 명시되지 않은 고무제품",고 무,2025.09,42726,19283
"재료별 제조제품","달리 명시되지 않은 고무제품",고 무,2025.10,35559,17390
"재료별 제조제품","달리 명시되지 않은 고무제품",고 무,2025.11,37038,15501
"재료별 제조제품","달리 명시되지 않은 고무제품",고무타이어호환성타이어 트레드타이어풀랩 및 인너튜브,2025.09,237331,123359
"재료별 제조제품","달리 명시되지 않은 고무제품",고무타이어호환성타이어 트레드타이어풀랩 및 인너튜브,2025.10,205049,103812
"재료별 제조제품","달리 명시되지 않은 고무제품",고무타이어호환성타이어 트레드타이어풀랩 및 인너튜브,2025.11,211607,108565
"재료별 제조제품","달리 명시되지 않은 고무제품",달리 명시되지 않은 고무제품,2025.09,57274,46815
"재료별 제조제품","달리 명시되지 않은 고무제품",달리 명시되지 않은 고무제품,2025.10,48308,41347
"재료별 제조제품","달리 명시되지 않은 고무제품",달리 명시되지 않은 고무제품,2025.11,54721,40683
"재료별 제조제품","코크 및 나무제품",소계,2025.09,5576,112633
"재료별 제조제품","코크 및 나무제품",소계,2025.10,4598,97442
"재료별 제조제품","코크 및 나무제품",소계,2025.11,4593,101537
"재료별 제조제품","코크 및 나무제품",코르크제품,2025.09,6,244
"재료별 제조제품","코크 및 나무제품",코르크제품,2025.10,6,290
"재료별 제조제품","코크 및 나무제품",코르크제품,2025.11,6,110
"재료별 제조제품","코크 및 나무제품",단판합판파티클보드 및 달리 명시되지 않은 기타 가공목재,2025.09,1780,73844
"재료별 제조제품","코크 및 나무제품",단판합판파티클보드 및 달리 명시되지 않은 기타 가공목재,2025.10,977,70884
"재료별 제조제품","코크 및 나무제품",단판합판파티클보드 및 달리 명시되지 않은 기타 가공목재,2025.11,1092,72273
"재료별 제조제품","코크 및 나무제품",달리 명시되지 않은 나무제품,2025.09,3790,38545
"재료별 제조제품","코크 및 나무제품",달리 명시되지 않은 나무제품,2025.10,3616,26269
"재료별 제조제품","코크 및 나무제품",달리 명시되지 않은 나무제품,2025.11,3495,29155
"재료별 제조제품","종이,판지 및 펄프",소계,2025.09,217338,197530
"재료별 제조제품","종이,판지 및 펄프",소계,2025.10,189476,171093
"재료별 제조제품","종이,판지 및 펄프",소계,2025.11,202275,174018
"재료별 제조제품","종이,판지 및 펄프",종이 및 판지,2025.09,178163,133351
"재료별 제조제품","종이,판지 및 펄프",종이 및 판지,2025.10,157891,112258
"재료별 제조제품","종이,판지 및 펄프",종이 및 판지,2025.11,165428,112868
"재료별 제조제품","종이,판지 및 펄프",종이 및 판지 크기로 재단한 것 및 종이 또는 판지의 제품,2025.09,39176,64179
"재료별 제조제품","종이,판지 및 펄프",종이 및 판지 크기로 재단한 것 및 종이 또는 판지의 제품,2025.10,31585,58835
"재료별 제조제품","종이,판지 및 펄프",종이 및 판지 크기로 재단한 것 및 종이 또는 판지의 제품,2025.11,36847,61150
"재료별 제조제품","섬유사,직물,직물제품",소계,2025.09,553085,471801
"재료별 제조제품","섬유사,직물,직물제품",소계,2025.10,449723,412138
"재료별 제조제품","섬유사,직물,직물제품",소계,2025.11,500616,427331
"재료별 제조제품","섬유사,직물,직물제품",섬유사,2025.09,61329,126321
"재료별 제조제품","섬유사,직물,직물제품",섬유사,2025.10,57072,118236
"재료별 제조제품","섬유사,직물,직물제품",섬유사,2025.11,58037,118302
"재료별 제조제품","섬유사,직물,직물제품",면직물(세폭직물 또는 특수직물 제외),2025.09,21622,24121
"재료별 제조제품","섬유사,직물,직물제품",면직물(세폭직물 또는 특수직물 제외),2025.10,17366,20316
"재료별 제조제품","섬유사,직물,직물제품",면직물(세폭직물 또는 특수직물 제외),2025.11,20351,20552
"재료별 제조제품","섬유사,직물,직물제품",인조섬유직물,2025.09,116398,35146
"재료별 제조제품","섬유사,직물,직물제품",인조섬유직물,2025.10,99060,32042
"재료별 제조제품","섬유사,직물,직물제품",인조섬유직물,2025.11,121436,33992
"재료별 제조제품","섬유사,직물,직물제품",기타 섬유직물,2025.09,6049,30500
"재료별 제조제품","섬유사,직물,직물제품",기타 섬유직물,2025.10,4796,26930
"재료별 제조제품","섬유사,직물,직물제품",기타 섬유직물,2025.11,6250,31094
"재료별 제조제품","섬유사,직물,직물제품",달리 명시되지 않은 편직 또는 뜨게질 직물,2025.09,128348,11630
"재료별 제조제품","섬유사,직물,직물제품",달리 명시되지 않은 편직 또는 뜨게질 직물,2025.10,104132,9905
"재료별 제조제품","섬유사,직물,직물제품",달리 명시되지 않은 편직 또는 뜨게질 직물,2025.11,114834,9793
"재료별 제조제품","섬유사,직물,직물제품",튤레이스자수울리본트리밍 및 기타 소비품,2025.09,13455,7140
"재료별 제조제품","섬유사,직물,직물제품",튤레이스자수울리본트리밍 및 기타 소비품,2025.10,10768,6047
"재료별 제조제품","섬유사,직물,직물제품",튤레이스자수울리본트리밍 및 기타 소비품,2025.11,11627,6226
"재료별 제조제품","섬유사,직물,직물제품",특수사직물 및 관련제품,2025.09,179843,101378
"재료별 제조제품","섬유사,직물,직물제품",특수사직물 및 관련제품,2025.10,134836,81606
"재료별 제조제품","섬유사,직물,직물제품",특수사직물 및 관련제품,2025.11,145442,84206
"재료별 제조제품","섬유사,직물,직물제품",달리 명시되지 않은 주로 섬유물질의 구성 제품,2025.09,21664,124559
"재료별 제조제품","섬유사,직물,직물제품",달리 명시되지 않은 주로 섬유물질의 구성 제품,2025.10,17062,107856
"재료별 제조제품","섬유사,직물,직물제품",달리 명시되지 않은 주로 섬유물질의 구성 제품,2025.11,18087,113265
"재료별 제조제품","섬유사,직물,직물제품",마루덮개 등,2025.09,4377,11005
"재료별 제조제품","섬유사,직물,직물제품",마루덮개 등,2025.10,4631,9200
"재료별 제조제품","섬유사,직물,직물제품",마루덮개 등,2025.11,4550,9901
"재료별 제조제품","달리 명시되지 않은 비금속광물",소계,2025.09,299330,470852
"재료별 제조제품","달리 명시되지 않은 비금속광물",소계,2025.10,266629,405838
"재료별 제조제품","달리 명시되지 않은 비금속광물",소계,2025.11,271543,405135
"재료별 제조제품","달리 명시되지 않은 비금속광물",석회.시멘트 및 조립건축자재,2025.09,15719,42297
"재료별 제조제품","달리 명시되지 않은 비금속광물",석회.시멘트 및 조립건축자재,2025.10,15955,38747
"재료별 제조제품","달리 명시되지 않은 비금속광물",석회.시멘트 및 조립건축자재,2025.11,13131,43061
"재료별 제조제품","달리 명시되지 않은 비금속광물",점토건설용 및 내화건설용 제품,2025.09,4630,46427
"재료별 제조제품","달리 명시되지 않은 비금속광물",점토건설용 및 내화건설용 제품,2025.10,2730,44479
"재료별 제조제품","달리 명시되지 않은 비금속광물",점토건설용 및 내화건설용 제품,2025.11,5587,35334
"재료별 제조제품","달리 명시되지 않은 비금속광물",달리 명시되지 않은 광물제품,2025.09,107888,148069
"재료별 제조제품","달리 명시되지 않은 비금속광물",달리 명시되지 않은 광물제품,2025.10,88688,121472
"재료별 제조제품","달리 명시되지 않은 비금속광물",달리 명시되지 않은 광물제품,2025.11,102407,121638
"재료별 제조제품","달리 명시되지 않은 비금속광물",유리,2025.09,130366,145678
"재료별 제조제품","달리 명시되지 않은 비금속광물",유리,2025.10,122423,124284
"재료별 제조제품","달리 명시되지 않은 비금속광물",유리,2025.11,109860,128034
"재료별 제조제품","달리 명시되지 않은 비금속광물",유리제,2025.09,37483,59253
"재료별 제조제품","달리 명시되지 않은 비금속광물",유리제,2025.10,31679,53643
"재료별 제조제품","달리 명시되지 않은 비금속광물",유리제,2025.11,36599,56653
"재료별 제조제품","달리 명시되지 않은 비금속광물",도자기,2025.09,1454,18604
"재료별 제조제품","달리 명시되지 않은 비금속광물",도자기,2025.10,857,14032
"재료별 제조제품","달리 명시되지 않은 비금속광물",도자기,2025.11,1339,13871
"재료별 제조제품","달리 명시되지 않은 비금속광물",진주(귀석 또는 반귀석가공하지 아니한 것 또는 가공한 것),2025.09,1789,10525
"재료별 제조제품","달리 명시되지 않은 비금속광물",진주(귀석 또는 반귀석가공하지 아니한 것 또는 가공한 것),2025.10,4297,9183
"재료별 제조제품","달리 명시되지 않은 비금속광물",진주(귀석 또는 반귀석가공하지 아니한 것 또는 가공한 것),2025.11,2619,6544
"재료별 제조제품","철 및 강",소계,2025.09,2261320,1122374
"재료별 제조제품","철 및 강",소계,2025.10,1956851,914076
"재료별 제조제품","철 및 강",소계,2025.11,1902677,923672
"재료별 제조제품","철 및 강",선철경철해면철철 또는 강의 입상,2025.09,94644,196638
"재료별 제조제품","철 및 강",선철경철해면철철 또는 강의 입상,2025.10,84839,164871
"재료별 제조제품","철 및 강",선철경철해면철철 또는 강의 입상,2025.11,80398,163184
"재료별 제조제품","철 및 강",철 또는 강의 철강괴 및 기타 일차 형태의 것 및 반제품,2025.09,23604,55966
"재료별 제조제품","철 및 강",철 또는 강의 철강괴 및 기타 일차 형태의 것 및 반제품,2025.10,25372,70370
"재료별 제조제품","철 및 강",철 또는 강의 철강괴 및 기타 일차 형태의 것 및 반제품,2025.11,15739,48144
"재료별 제조제품","철 및 강",철 또는 비합금강의 평판압연제품,2025.09,710460,232153
"재료별 제조제품","철 및 강",철 또는 비합금강의 평판압연제품,2025.10,557698,171233
"재료별 제조제품","철 및 강",철 또는 비합금강의 평판압연제품,2025.11,556613,202238
"재료별 제조제품","철 및 강",철 또는 비합금강의 평판압연제품(클래드도금 또는 도포한 것),2025.09,482537,146374
"재료별 제조제품","철 및 강",철 또는 비합금강의 평판압연제품(클래드도금 또는 도포한 것),2025.10,511151,93547
"재료별 제조제품","철 및 강",철 또는 비합금강의 평판압연제품(클래드도금 또는 도포한 것),2025.11,446477,78907
"재료별 제조제품","철 및 강",합금철의 평판압연제품,2025.09,424314,161716
"재료별 제조제품","철 및 강",합금철의 평판압연제품,2025.10,376776,138307
"재료별 제조제품","철 및 강",합금철의 평판압연제품,2025.11,376090,153740
"재료별 제조제품","철 및 강",철강봉앵글형강(쉬이트파일링포함),2025.09,188473,178356
"재료별 제조제품","철 및 강",철강봉앵글형강(쉬이트파일링포함),2025.10,147070,156626
"재료별 제조제품","철 및 강",철강봉앵글형강(쉬이트파일링포함),2025.11,114911,151445
"재료별 제조제품","철 및 강",철강의 철도궤조 및 철도궤조 건설자재,2025.09,499,1747
"재료별 제조제품","철 및 강",철강의 철도궤조 및 철도궤조 건설자재,2025.10,2220,2030
"재료별 제조제품","철 및 강",철강의 철도궤조 및 철도궤조 건설자재,2025.11,3477,1293
"재료별 제조제품","철 및 강",철강선,2025.09,69122,28010
"재료별 제조제품","철 및 강",철강선,2025.10,56697,22909
"재료별 제조제품","철 및 강",철강선,2025.11,61261,25292
"재료별 제조제품","철 및 강",철강의 튜브파이프 및 중공프로파일과 튜브,2025.09,267666,121413
"재료별 제조제품","철 및 강",철강의 튜브파이프 및 중공프로파일과 튜브,2025.10,195028,94182
"재료별 제조제품","철 및 강",철강의 튜브파이프 및 중공프로파일과 튜브,2025.11,247711,99428
"재료별 제조제품","비철금속",소계,2025.09,1415110,1458072
"재료별 제조제품","비철금속",소계,2025.10,1303523,1243380
"재료별 제조제품","비철금속",소계,2025.11,1363040,1363666
"재료별 제조제품","비철금속",은백금 및 기타 백금속의 금속,2025.09,318518,151114
"재료별 제조제품","비철금속",은백금 및 기타 백금속의 금속,2025.10,263948,156712
"재료별 제조제품","비철금속",은백금 및 기타 백금속의 금속,2025.11,310180,242913
"재료별 제조제품","비철금속",동,2025.09,507590,478142
"재료별 제조제품","비철금속",동,2025.10,480936,371072
"재료별 제조제품","비철금속",동,2025.11,523025,414783
"재료별 제조제품","비철금속",닉켈,2025.09,10153,115245
"재료별 제조제품","비철금속",닉켈,2025.10,9861,68358
"재료별 제조제품","비철금속",닉켈,2025.11,10996,77354
"재료별 제조제품","비철금속",알루미늄,2025.09,381449,556847
"재료별 제조제품","비철금속",알루미늄,2025.10,319107,484052
"재료별 제조제품","비철금속",알루미늄,2025.11,308428,479406
"재료별 제조제품","비철금속",연,2025.09,60806,40316
"재료별 제조제품","비철금속",연,2025.10,58116,27506
"재료별 제조제품","비철금속",연,2025.11,45707,26824
"재료별 제조제품","비철금속",아연,2025.09,99181,6575
"재료별 제조제품","비철금속",아연,2025.10,141865,14491
"재료별 제조제품","비철금속",아연,2025.11,125406,5999
"재료별 제조제품","비철금속",주석,2025.09,4847,33636
"재료별 제조제품","비철금속",주석,2025.10,3408,48209
"재료별 제조제품","비철금속",주석,2025.11,3440,41732
"재료별 제조제품","비철금속",야금에 사용되는 각종 비철금속 및 서미트,2025.09,32566,76197
"재료별 제조제품","비철금속",야금에 사용되는 각종 비철금속 및 서미트,2025.10,26280,72981
"재료별 제조제품","비철금속",야금에 사용되는 각종 비철금속 및 서미트,2025.11,35858,74655
"재료별 제조제품","달리 명시되지 않은 금속제품",소계,2025.09,958278,892527
"재료별 제조제품","달리 명시되지 않은 금속제품",소계,2025.10,781681,806760
"재료별 제조제품","달리 명시되지 않은 금속제품",소계,2025.11,872841,786813
"재료별 제조제품","달리 명시되지 않은 금속제품",달리 명시되지 않은 철강 및 알루미늄의 구조물 및 구조물,2025.09,102629,137002
"재료별 제조제품","달리 명시되지 않은 금속제품",달리 명시되지 않은 철강 및 알루미늄의 구조물 및 구조물,2025.10,85142,106645
"재료별 제조제품","달리 명시되지 않은 금속제품",달리 명시되지 않은 철강 및 알루미늄의 구조물 및 구조물,2025.11,92534,109881
"재료별 제조제품","달리 명시되지 않은 금속제품",저장 및 수송용 용기,2025.09,64786,59957
"재료별 제조제품","달리 명시되지 않은 금속제품",저장 및 수송용 용기,2025.10,41227,58285
"재료별 제조제품","달리 명시되지 않은 금속제품",저장 및 수송용 용기,2025.11,78968,57555
"재료별 제조제품","달리 명시되지 않은 금속제품",선제품 및 울타리 그릴,2025.09,41240,23367
"재료별 제조제품","달리 명시되지 않은 금속제품",선제품 및 울타리 그릴,2025.10,29079,26286
"재료별 제조제품","달리 명시되지 않은 금속제품",선제품 및 울타리 그릴,2025.11,33201,24746
"재료별 제조제품","달리 명시되지 않은 금속제품",철강동 또는 알루미늄제의 못나사너트볼트리베트 및 유사제품,2025.09,175561,75268
"재료별 제조제품","달리 명시되지 않은 금속제품",철강동 또는 알루미늄제의 못나사너트볼트리베트 및 유사제품,2025.10,130565,63775
"재료별 제조제품","달리 명시되지 않은 금속제품",철강동 또는 알루미늄제의 못나사너트볼트리베트 및 유사제품,2025.11,145345,65508
"재료별 제조제품","달리 명시되지 않은 금속제품",수공구 및 기계용공구,2025.09,138120,72668
"재료별 제조제품","달리 명시되지 않은 금속제품",수공구 및 기계용공구,2025.10,147750,70185
"재료별 제조제품","달리 명시되지 않은 금속제품",수공구 및 기계용공구,2025.11,150010,62867
"재료별 제조제품","달리 명시되지 않은 금속제품",날붙이,2025.09,6467,19075
"재료별 제조제품","달리 명시되지 않은 금속제품",날붙이,2025.10,6691,17344
"재료별 제조제품","달리 명시되지 않은 금속제품",날붙이,2025.11,7647,17502
"재료별 제조제품","달리 명시되지 않은 금속제품",달리 명시되지 않은 금속제의 가정용 장비,2025.09,29954,62679
"재료별 제조제품","달리 명시되지 않은 금속제품",달리 명시되지 않은 금속제의 가정용 장비,2025.10,18298,53520
"재료별 제조제품","달리 명시되지 않은 금속제품",달리 명시되지 않은 금속제의 가정용 장비,2025.11,17556,56211
"재료별 제조제품","달리 명시되지 않은 금속제품",달리 명시되지 않은 비금속제의 제품,2025.09,399522,442511
"재료별 제조제품","달리 명시되지 않은 금속제품",달리 명시되지 않은 비금속제의 제품,2025.10,322929,410720
"재료별 제조제품","달리 명시되지 않은 금속제품",달리 명시되지 않은 비금속제의 제품,2025.11,347580,392544
"기계 및 운수장비","소계",소계,2025.09,38751773,20853783
"기계 및 운수장비","소계",소계,2025.10,36782693,18795883
"기계 및 운수장비","소계",소계,2025.11,37530055,19149804
"기계 및 운수장비","원동기기 및 설비",소계,2025.09,1060578,1141828
"기계 및 운수장비","원동기기 및 설비",소계,2025.10,894522,937881
"기계 및 운수장비","원동기기 및 설비",소계,2025.11,1219251,1031622
"기계 및 운수장비","원동기기 및 설비",증기발생보일러 및 보일러실 장치,2025.09,27136,6232
"기계 및 운수장비","원동기기 및 설비",증기발생보일러 및 보일러실 장치,2025.10,34459,6569
"기계 및 운수장비","원동기기 및 설비",증기발생보일러 및 보일러실 장치,2025.11,64797,11833
"기계 및 운수장비","원동기기 및 설비",증기터어빈 및 달리 명시되지 않은 동부분품,2025.09,2794,2692
"기계 및 운수장비","원동기기 및 설비",증기터어빈 및 달리 명시되지 않은 동부분품,2025.10,2464,3765
"기계 및 운수장비","원동기기 및 설비",증기터어빈 및 달리 명시되지 않은 동부분품,2025.11,28264,4898
"기계 및 운수장비","원동기기 및 설비",달리 명시되지 않은 내연 피스톤기관 및 동부분품,2025.09,593669,305898
"기계 및 운수장비","원동기기 및 설비",달리 명시되지 않은 내연 피스톤기관 및 동부분품,2025.10,472392,266742
"기계 및 운수장비","원동기기 및 설비",달리 명시되지 않은 내연 피스톤기관 및 동부분품,2025.11,552781,292118
"기계 및 운수장비","원동기기 및 설비",기관 및 모터비전기식:달리 명시되지 않은 기관,2025.09,139760,364898
"기계 및 운수장비","원동기기 및 설비",기관 및 모터비전기식:달리 명시되지 않은 기관,2025.10,151585,240191
"기계 및 운수장비","원동기기 및 설비",기관 및 모터비전기식:달리 명시되지 않은 기관,2025.11,142271,321632
"기계 및 운수장비","원동기기 및 설비",달리 명시되지 않은 회전전기장치 및 그 부분품,2025.09,243927,413536
"기계 및 운수장비","원동기기 및 설비",달리 명시되지 않은 회전전기장치 및 그 부분품,2025.10,188358,377195
"기계 및 운수장비","원동기기 및 설비",달리 명시되지 않은 회전전기장치 및 그 부분품,2025.11,190448,358033
"기계 및 운수장비","원동기기 및 설비",달리 명시되지 않은 기타 동력발생기계 및 부분품,2025.09,53294,48573
"기계 및 운수장비","원동기기 및 설비",달리 명시되지 않은 기타 동력발생기계 및 부분품,2025.10,45265,43419
"기계 및 운수장비","원동기기 및 설비",달리 명시되지 않은 기타 동력발생기계 및 부분품,2025.11,240690,43107
"기계 및 운수장비","특수산업용 기계",소계,2025.09,2027409,2776601
"기계 및 운수장비","특수산업용 기계",소계,2025.10,1692107,2177306
"기계 및 운수장비","특수산업용 기계",소계,2025.11,1849302,2347455
"기계 및 운수장비","특수산업용 기계",농업용 기계 및 그 부분품,2025.09,12475,31535
"기계 및 운수장비","특수산업용 기계",농업용 기계 및 그 부분품,2025.10,9700,18567
"기계 및 운수장비","특수산업용 기계",농업용 기계 및 그 부분품,2025.11,12939,17486
"기계 및 운수장비","특수산업용 기계",트랙터,2025.09,88402,15173
"기계 및 운수장비","특수산업용 기계",트랙터,2025.10,64765,17004
"기계 및 운수장비","특수산업용 기계",트랙터,2025.11,72139,11480
"기계 및 운수장비","특수산업용 기계",토목공사용 장치,2025.09,438299,71252
"기계 및 운수장비","특수산업용 기계",토목공사용 장치,2025.10,329267,46974
"기계 및 운수장비","특수산업용 기계",토목공사용 장치,2025.11,390457,51377
"기계 및 운수장비","특수산업용 기계",섬유 및 가죽용 기계류 및 달리 명시되지 않은 동부분품,2025.09,141318,47704
"기계 및 운수장비","특수산업용 기계",섬유 및 가죽용 기계류 및 달리 명시되지 않은 동부분품,2025.10,109404,51625
"기계 및 운수장비","특수산업용 기계",섬유 및 가죽용 기계류 및 달리 명시되지 않은 동부분품,2025.11,126840,45336
"기계 및 운수장비","특수산업용 기계",종이제조 및 펄프제조기계,2025.09,8295,21394
"기계 및 운수장비","특수산업용 기계",종이제조 및 펄프제조기계,2025.10,6264,12223
"기계 및 운수장비","특수산업용 기계",종이제조 및 펄프제조기계,2025.11,6151,18344
"기계 및 운수장비","특수산업용 기계",인쇄 및 제본용기계 및 그들의 부분품,2025.09,10514,18569
"기계 및 운수장비","특수산업용 기계",인쇄 및 제본용기계 및 그들의 부분품,2025.10,7832,10311
"기계 및 운수장비","특수산업용 기계",인쇄 및 제본용기계 및 그들의 부분품,2025.11,11819,13245
"기계 및 운수장비","특수산업용 기계",식품가공기계(가정용 제외),2025.09,6212,19441
"기계 및 운수장비","특수산업용 기계",식품가공기계(가정용 제외),2025.10,5976,26696
"기계 및 운수장비","특수산업용 기계",식품가공기계(가정용 제외),2025.11,13401,26644
"기계 및 운수장비","특수산업용 기계",특수산업용 기타 기계기구 및 달리 명시되지 않은 동부분품,2025.09,1321895,2551532
"기계 및 운수장비","특수산업용 기계",특수산업용 기타 기계기구 및 달리 명시되지 않은 동부분품,2025.10,1158898,1993906
"기계 및 운수장비","특수산업용 기계",특수산업용 기타 기계기구 및 달리 명시되지 않은 동부분품,2025.11,1215556,2163541
"기계 및 운수장비","금속공작용 기계",소계,2025.09,267511,135652
"기계 및 운수장비","금속공작용 기계",소계,2025.10,239367,108524
"기계 및 운수장비","금속공작용 기계",소계,2025.11,251086,136174
"기계 및 운수장비","금속공작용 기계",금속 또는 기타재료의 절삭방식에 의한 가공공작기계,2025.09,152460,69598
"기계 및 운수장비","금속공작용 기계",금속 또는 기타재료의 절삭방식에 의한 가공공작기계,2025.10,119855,45610
"기계 및 운수장비","금속공작용 기계",금속 또는 기타재료의 절삭방식에 의한 가공공작기계,2025.11,135512,56194
"기계 및 운수장비","금속공작용 기계",금속소결한 금속탄화물 또는 서어미트의 가공기계,2025.09,39044,16575
"기계 및 운수장비","금속공작용 기계",금속소결한 금속탄화물 또는 서어미트의 가공기계,2025.10,35502,11278
"기계 및 운수장비","금속공작용 기계",금속소결한 금속탄화물 또는 서어미트의 가공기계,2025.11,23896,11971
"기계 및 운수장비","금속공작용 기계",731항 및 733항의 기계 전용 또는 주로 사용되는 부분품,2025.09,25341,12690
"기계 및 운수장비","금속공작용 기계",731항 및 733항의 기계 전용 또는 주로 사용되는 부분품,2025.10,24910,11267
"기계 및 운수장비","금속공작용 기계",731항 및 733항의 기계 전용 또는 주로 사용되는 부분품,2025.11,27109,10703
"기계 및 운수장비","금속공작용 기계",금속공작기계달리 명시되지 않은 동 부분품,2025.09,50667,36789
"기계 및 운수장비","금속공작용 기계",금속공작기계달리 명시되지 않은 동 부분품,2025.10,59100,40368
"기계 및 운수장비","금속공작용 기계",금속공작기계달리 명시되지 않은 동 부분품,2025.11,64569,57305
"기계 및 운수장비","산업용 일반기계 및 장비",소계,2025.09,1946607,1684814
"기계 및 운수장비","산업용 일반기계 및 장비",소계,2025.10,1476717,1415538
"기계 및 운수장비","산업용 일반기계 및 장비",소계,2025.11,1730610,1468837
"기계 및 운수장비","산업용 일반기계 및 장비",가열 및 냉각장치달리 명시되지 않은 동 부분품,2025.09,416460,278576
"기계 및 운수장비","산업용 일반기계 및 장비",가열 및 냉각장치달리 명시되지 않은 동 부분품,2025.10,314409,198084
"기계 및 운수장비","산업용 일반기계 및 장비",가열 및 냉각장치달리 명시되지 않은 동 부분품,2025.11,408535,206782
"기계 및 운수장비","산업용 일반기계 및 장비",액체펌프와 액체엘리베이터,2025.09,144524,169082
"기계 및 운수장비","산업용 일반기계 및 장비",액체펌프와 액체엘리베이터,2025.10,110679,137019
"기계 및 운수장비","산업용 일반기계 및 장비",액체펌프와 액체엘리베이터,2025.11,125158,161800
"기계 및 운수장비","산업용 일반기계 및 장비",액체용 이외의 펌프공기 또는 개스입축기 및 선풍기,2025.09,516833,468457
"기계 및 운수장비","산업용 일반기계 및 장비",액체용 이외의 펌프공기 또는 개스입축기 및 선풍기,2025.10,391747,381572
"기계 및 운수장비","산업용 일반기계 및 장비",액체용 이외의 펌프공기 또는 개스입축기 및 선풍기,2025.11,426026,345096
"기계 및 운수장비","산업용 일반기계 및 장비",기계식 취급장치 및 달리 명시되지 않은 동 부분품,2025.09,262738,155198
"기계 및 운수장비","산업용 일반기계 및 장비",기계식 취급장치 및 달리 명시되지 않은 동 부분품,2025.10,163292,140462
"기계 및 운수장비","산업용 일반기계 및 장비",기계식 취급장치 및 달리 명시되지 않은 동 부분품,2025.11,218175,197228
"기계 및 운수장비","산업용 일반기계 및 장비",기타 비전기식 기계기기 및 장치,2025.09,72575,77416
"기계 및 운수장비","산업용 일반기계 및 장비",기타 비전기식 기계기기 및 장치,2025.10,60900,71082
"기계 및 운수장비","산업용 일반기계 및 장비",기타 비전기식 기계기기 및 장치,2025.11,73956,89816
"기계 및 운수장비","산업용 일반기계 및 장비",보올 베어링 또는 로울러 베어링,2025.09,80583,83947
"기계 및 운수장비","산업용 일반기계 및 장비",보올 베어링 또는 로울러 베어링,2025.10,64201,69760
"기계 및 운수장비","산업용 일반기계 및 장비",보올 베어링 또는 로울러 베어링,2025.11,68172,66357
"기계 및 운수장비","산업용 일반기계 및 장비",파이프.보일러의 동체.탱크.배트 등에 사용하는 탭,2025.09,210455,258441
"기계 및 운수장비","산업용 일반기계 및 장비",파이프.보일러의 동체.탱크.배트 등에 사용하는 탭,2025.10,173326,233769
"기계 및 운수장비","산업용 일반기계 및 장비",파이프.보일러의 동체.탱크.배트 등에 사용하는 탭,2025.11,175823,234103
"기계 및 운수장비","산업용 일반기계 및 장비",전동축,2025.09,129926,132701
"기계 및 운수장비","산업용 일반기계 및 장비",전동축,2025.10,107829,122380
"기계 및 운수장비","산업용 일반기계 및 장비",전동축,2025.11,110085,110985
"기계 및 운수장비","산업용 일반기계 및 장비",달리 명시되지 않은 비전기식 기계류의 부분품 및 부속품,2025.09,112515,60997
"기계 및 운수장비","산업용 일반기계 및 장비",달리 명시되지 않은 비전기식 기계류의 부분품 및 부속품,2025.10,90333,61409
"기계 및 운수장비","산업용 일반기계 및 장비",달리 명시되지 않은 비전기식 기계류의 부분품 및 부속품,2025.11,124679,56671
"기계 및 운수장비","사무용 기계 및 자동자료 처리장치",소계,2025.09,2667947,1833818
"기계 및 운수장비","사무용 기계 및 자동자료 처리장치",소계,2025.10,2162796,1764231
"기계 및 운수장비","사무용 기계 및 자동자료 처리장치",소계,2025.11,2815196,1548783
"기계 및 운수장비","사무용 기계 및 자동자료 처리장치",사무용기계,2025.09,74149,95351
"기계 및 운수장비","사무용 기계 및 자동자료 처리장치",사무용기계,2025.10,58809,88312
"기계 및 운수장비","사무용 기계 및 자동자료 처리장치",사무용기계,2025.11,70201,84083
"기계 및 운수장비","사무용 기계 및 자동자료 처리장치",자동자료처리기계,2025.09,88042,840699
"기계 및 운수장비","사무용 기계 및 자동자료 처리장치",자동자료처리기계,2025.10,63249,897099
"기계 및 운수장비","사무용 기계 및 자동자료 처리장치",자동자료처리기계,2025.11,72761,631933
"기계 및 운수장비","사무용 기계 및 자동자료 처리장치",751항 및 752항 기계전용 부분품,2025.09,2505755,897768
"기계 및 운수장비","사무용 기계 및 자동자료 처리장치",751항 및 752항 기계전용 부분품,2025.10,2040738,778820
"기계 및 운수장비","사무용 기계 및 자동자료 처리장치",751항 및 752항 기계전용 부분품,2025.11,2672234,832767
"기계 및 운수장비","통신 및 녹음기기",소계,2025.09,11318659,3570645
"기계 및 운수장비","통신 및 녹음기기",소계,2025.10,10900561,3165025
"기계 및 운수장비","통신 및 녹음기기",소계,2025.11,12111635,3341771
"기계 및 운수장비","통신 및 녹음기기",텔레비젼 수상기,2025.09,75621,138369
"기계 및 운수장비","통신 및 녹음기기",텔레비젼 수상기,2025.10,52342,137970
"기계 및 운수장비","통신 및 녹음기기",텔레비젼 수상기,2025.11,67818,154227
"기계 및 운수장비","통신 및 녹음기기",라디오방송용 수신기기,2025.09,2268,3608
"기계 및 운수장비","통신 및 녹음기기",라디오방송용 수신기기,2025.10,2674,2801
"기계 및 운수장비","통신 및 녹음기기",라디오방송용 수신기기,2025.11,2812,2673
"기계 및 운수장비","통신 및 녹음기기",녹음기와 음성 재생기,2025.09,7683,6094
"기계 및 운수장비","통신 및 녹음기기",녹음기와 음성 재생기,2025.10,7031,4686
"기계 및 운수장비","통신 및 녹음기기",녹음기와 음성 재생기,2025.11,6851,6692
"기계 및 운수장비","통신 및 녹음기기",달리 명시되지 않은 통신장비,2025.09,11233087,3422574
"기계 및 운수장비","통신 및 녹음기기",달리 명시되지 않은 통신장비,2025.10,10838514,3019568
"기계 및 운수장비","통신 및 녹음기기",달리 명시되지 않은 통신장비,2025.11,12034154,3178179
"기계 및 운수장비","전기기계장치와 기기",소계,2025.09,8365262,7277382
"기계 및 운수장비","전기기계장치와 기기",소계,2025.10,7689232,6944743
"기계 및 운수장비","전기기계장치와 기기",소계,2025.11,7640883,6882252
"기계 및 운수장비","전기기계장치와 기기",달리 명시되지 않은 전력기기 및 부분품,2025.09,379420,362740
"기계 및 운수장비","전기기계장치와 기기",달리 명시되지 않은 전력기기 및 부분품,2025.10,292578,335030
"기계 및 운수장비","전기기계장치와 기기",달리 명시되지 않은 전력기기 및 부분품,2025.11,383011,356797
"기계 및 운수장비","전기기계장치와 기기",전기회로의 개폐용보호용접속용기기,2025.09,1220332,817174
"기계 및 운수장비","전기기계장치와 기기",전기회로의 개폐용보호용접속용기기,2025.10,1041013,729106
"기계 및 운수장비","전기기계장치와 기기",전기회로의 개폐용보호용접속용기기,2025.11,1091632,863879
"기계 및 운수장비","전기기계장치와 기기",달리 명시되지 않은 배전용 장비,2025.09,434046,424690
"기계 및 운수장비","전기기계장치와 기기",달리 명시되지 않은 배전용 장비,2025.10,352444,386333
"기계 및 운수장비","전기기계장치와 기기",달리 명시되지 않은 배전용 장비,2025.11,365484,401798
"기계 및 운수장비","전기기계장치와 기기",전기식 진단용 기기,2025.09,199940,156541
"기계 및 운수장비","전기기계장치와 기기",전기식 진단용 기기,2025.10,145291,110160
"기계 및 운수장비","전기기계장치와 기기",전기식 진단용 기기,2025.11,173452,108532
"기계 및 운수장비","전기기계장치와 기기",달리 명시되지 않은 가정용 전기 및 비전기장비,2025.09,297047,292745
"기계 및 운수장비","전기기계장치와 기기",달리 명시되지 않은 가정용 전기 및 비전기장비,2025.10,249063,279025
"기계 및 운수장비","전기기계장치와 기기",달리 명시되지 않은 가정용 전기 및 비전기장비,2025.11,233550,287462
"기계 및 운수장비","전기기계장치와 기기",열전자관냉음극관 및 광전과,2025.09,4571293,4009995
"기계 및 운수장비","전기기계장치와 기기",열전자관냉음극관 및 광전과,2025.10,4565613,4030600
"기계 및 운수장비","전기기계장치와 기기",열전자관냉음극관 및 광전과,2025.11,4177597,3825471
"기계 및 운수장비","전기기계장치와 기기",달리 명시되지 않은 전기기계 및 장치,2025.09,1263183,1213497
"기계 및 운수장비","전기기계장치와 기기",달리 명시되지 않은 전기기계 및 장치,2025.10,1043230,1074489
"기계 및 운수장비","전기기계장치와 기기",달리 명시되지 않은 전기기계 및 장치,2025.11,1216158,1038314
"기계 및 운수장비","도로 주행 차량",소계,2025.09,8054186,1848827
"기계 및 운수장비","도로 주행 차량",소계,2025.10,6836826,1506574
"기계 및 운수장비","도로 주행 차량",소계,2025.11,7752050,1592293
"기계 및 운수장비","도로 주행 차량",승용자동차 및 기타의 차량,2025.09,6042702,1222666
"기계 및 운수장비","도로 주행 차량",승용자동차 및 기타의 차량,2025.10,5247430,970050
"기계 및 운수장비","도로 주행 차량",승용자동차 및 기타의 차량,2025.11,6045166,1059489
"기계 및 운수장비","도로 주행 차량",화물자동차 및 특수목적차량,2025.09,314824,48312
"기계 및 운수장비","도로 주행 차량",화물자동차 및 특수목적차량,2025.10,259511,49556
"기계 및 운수장비","도로 주행 차량",화물자동차 및 특수목적차량,2025.11,322788,72400
"기계 및 운수장비","도로 주행 차량",달리 명시되지 않은 도로주행차량,2025.09,36341,20926
"기계 및 운수장비","도로 주행 차량",달리 명시되지 않은 도로주행차량,2025.10,31936,16802
"기계 및 운수장비","도로 주행 차량",달리 명시되지 않은 도로주행차량,2025.11,36504,18001
"기계 및 운수장비","도로 주행 차량",722781782 및 783항 차량의 부분품 및 부속품,2025.09,1629802,457961
"기계 및 운수장비","도로 주행 차량",722781782 및 783항 차량의 부분품 및 부속품,2025.10,1269941,392292
"기계 및 운수장비","도로 주행 차량",722781782 및 783항 차량의 부분품 및 부속품,2025.11,1309790,371923
"기계 및 운수장비","도로 주행 차량",자동이륜차 및 자전거(동력과 비동력의 것)환자운반구,2025.09,6152,56677
"기계 및 운수장비","도로 주행 차량",자동이륜차 및 자전거(동력과 비동력의 것)환자운반구,2025.10,5613,43375
"기계 및 운수장비","도로 주행 차량",자동이륜차 및 자전거(동력과 비동력의 것)환자운반구,2025.11,8826,33653
"기계 및 운수장비","도로 주행 차량",트레일러 및 세미트레일러,2025.09,24364,42285
"기계 및 운수장비","도로 주행 차량",트레일러 및 세미트레일러,2025.10,22395,34500
"기계 및 운수장비","도로 주행 차량",트레일러 및 세미트레일러,2025.11,28975,36827
"기계 및 운수장비","기타 수송장비",소계,2025.09,3043614,584217
"기계 및 운수장비","기타 수송장비",소계,2025.10,4890565,776061
"기계 및 운수장비","기타 수송장비",소계,2025.11,2160042,800617
"기계 및 운수장비","기타 수송장비",철도차량 및 관련장비,2025.09,51194,22185
"기계 및 운수장비","기타 수송장비",철도차량 및 관련장비,2025.10,26619,12245
"기계 및 운수장비","기타 수송장비",철도차량 및 관련장비,2025.11,52068,25166
"기계 및 운수장비","기타 수송장비",항공기 및 관련장비 우주선,2025.09,267859,219584
"기계 및 운수장비","기타 수송장비",항공기 및 관련장비 우주선,2025.10,281908,420533
"기계 및 운수장비","기타 수송장비",항공기 및 관련장비 우주선,2025.11,208553,355532
"기계 및 운수장비","기타 수송장비",선박보트 및 부유구조물,2025.09,2724561,342447
"기계 및 운수장비","기타 수송장비",선박보트 및 부유구조물,2025.10,4582038,343283
"기계 및 운수장비","기타 수송장비",선박보트 및 부유구조물,2025.11,1899421,419918
"기타 제조제품","소계",소계,2025.09,6343400,6141996
"기타 제조제품","소계",소계,2025.10,4746133,5350105
"기타 제조제품","소계",소계,2025.11,5482272,5248416
"기타 제조제품","조립식건축물 달리 명시되지 않은 위생,연관 및 부착물",소계,2025.09,47083,81833
"기타 제조제품","조립식건축물 달리 명시되지 않은 위생,연관 및 부착물",소계,2025.10,35267,77838
"기타 제조제품","조립식건축물 달리 명시되지 않은 위생,연관 및 부착물",소계,2025.11,39681,83845
"기타 제조제품","조립식건축물 달리 명시되지 않은 위생,연관 및 부착물",조립식건축물,2025.09,4117,11410
"기타 제조제품","조립식건축물 달리 명시되지 않은 위생,연관 및 부착물",조립식건축물,2025.10,5077,6651
"기타 제조제품","조립식건축물 달리 명시되지 않은 위생,연관 및 부착물",조립식건축물,2025.11,8448,10821
"기타 제조제품","조립식건축물 달리 명시되지 않은 위생,연관 및 부착물",달리 명시되지 않은 위생연관난방 조명장치 및 부착물,2025.09,28174,15526
"기타 제조제품","조립식건축물 달리 명시되지 않은 위생,연관 및 부착물",달리 명시되지 않은 위생연관난방 조명장치 및 부착물,2025.10,16980,17578
"기타 제조제품","조립식건축물 달리 명시되지 않은 위생,연관 및 부착물",달리 명시되지 않은 위생연관난방 조명장치 및 부착물,2025.11,20028,16206
"기타 제조제품","조립식건축물 달리 명시되지 않은 위생,연관 및 부착물",달리 명시하지 않은 조명시설 및 조명기구,2025.09,14792,54897
"기타 제조제품","조립식건축물 달리 명시되지 않은 위생,연관 및 부착물",달리 명시하지 않은 조명시설 및 조명기구,2025.10,13210,53609
"기타 제조제품","조립식건축물 달리 명시되지 않은 위생,연관 및 부착물",달리 명시하지 않은 조명시설 및 조명기구,2025.11,11205,56818
"기타 제조제품","가구 및 부분품;침대,에트리스,쿠션",소계,2025.09,102706,292784
"기타 제조제품","가구 및 부분품;침대,에트리스,쿠션",소계,2025.10,79732,251615
"기타 제조제품","가구 및 부분품;침대,에트리스,쿠션",소계,2025.11,87911,254563
"기타 제조제품","가구 및 부분품;침대,에트리스,쿠션",가구 및 그 부분품,2025.09,102706,292784
"기타 제조제품","가구 및 부분품;침대,에트리스,쿠션",가구 및 그 부분품,2025.10,79732,251615
"기타 제조제품","가구 및 부분품;침대,에트리스,쿠션",가구 및 그 부분품,2025.11,87911,254563
"기타 제조제품","여행용,핸드백 및 유사용기",소계,2025.09,37815,277564
"기타 제조제품","여행용,핸드백 및 유사용기",소계,2025.10,29355,273902
"기타 제조제품","여행용,핸드백 및 유사용기",소계,2025.11,48620,260000
"기타 제조제품","여행용,핸드백 및 유사용기",트렁크슈트케이스화장품케이스등,2025.09,37815,277564
"기타 제조제품","여행용,핸드백 및 유사용기",트렁크슈트케이스화장품케이스등,2025.10,29355,273902
"기타 제조제품","여행용,핸드백 및 유사용기",트렁크슈트케이스화장품케이스등,2025.11,48620,260000
"기타 제조제품","의복제품 및 의복부속품",소계,2025.09,176158,1488088
"기타 제조제품","의복제품 및 의복부속품",소계,2025.10,153892,1256291
"기타 제조제품","의복제품 및 의복부속품",소계,2025.11,195593,990301
"기타 제조제품","의복제품 및 의복부속품",남자 또는 소년용의 코트.자켓,2025.09,12538,268569
"기타 제조제품","의복제품 및 의복부속품",남자 또는 소년용의 코트.자켓,2025.10,9233,221996
"기타 제조제품","의복제품 및 의복부속품",남자 또는 소년용의 코트.자켓,2025.11,11661,133419
"기타 제조제품","의복제품 및 의복부속품",여자용 코트.자켓.슈트.브레이저,2025.09,35820,390494
"기타 제조제품","의복제품 및 의복부속품",여자용 코트.자켓.슈트.브레이저,2025.10,29846,339743
"기타 제조제품","의복제품 및 의복부속품",여자용 코트.자켓.슈트.브레이저,2025.11,49173,249806
"기타 제조제품","의복제품 및 의복부속품",남자 또는 소년용의 코트 및 이와 유사한 의류,2025.09,5457,66055
"기타 제조제품","의복제품 및 의복부속품",남자 또는 소년용의 코트 및 이와 유사한 의류,2025.10,5573,52169
"기타 제조제품","의복제품 및 의복부속품",남자 또는 소년용의 코트 및 이와 유사한 의류,2025.11,7747,48542
"기타 제조제품","의복제품 및 의복부속품",여자 또는 소녀용의 코트케이프자켓슈트 브레이저,2025.09,11125,110148
"기타 제조제품","의복제품 및 의복부속품",여자 또는 소녀용의 코트케이프자켓슈트 브레이저,2025.10,8234,100756
"기타 제조제품","의복제품 및 의복부속품",여자 또는 소녀용의 코트케이프자켓슈트 브레이저,2025.11,9702,85633
"기타 제조제품","의복제품 및 의복부속품",달리 명시되지 않은 직물제의 의복제품,2025.09,59468,503132
"기타 제조제품","의복제품 및 의복부속품",달리 명시되지 않은 직물제의 의복제품,2025.10,51595,395859
"기타 제조제품","의복제품 및 의복부속품",달리 명시되지 않은 직물제의 의복제품,2025.11,56100,337093
"기타 제조제품","의복제품 및 의복부속품",직물제의 의복 악세사리(어린이용 제외),2025.09,36445,72261
"기타 제조제품","의복제품 및 의복부속품",직물제의 의복 악세사리(어린이용 제외),2025.10,36807,74250
"기타 제조제품","의복제품 및 의복부속품",직물제의 의복 악세사리(어린이용 제외),2025.11,48263,69254
"기타 제조제품","의복제품 및 의복부속품",의류와 의류부속품(직물제 제외),2025.09,15305,77429
"기타 제조제품","의복제품 및 의복부속품",의류와 의류부속품(직물제 제외),2025.10,12605,71516
"기타 제조제품","의복제품 및 의복부속품",의류와 의류부속품(직물제 제외),2025.11,12948,66553
"기타 제조제품","신발",소계,2025.09,33714,283468
"기타 제조제품","신발",소계,2025.10,27385,244064
"기타 제조제품","신발",소계,2025.11,27343,249758
"기타 제조제품","신발",신발,2025.09,33714,283468
"기타 제조제품","신발",신발,2025.10,27385,244064
"기타 제조제품","신발",신발,2025.11,27343,249758
"기타 제조제품","달리 명시되지 않은 전문,과학,통제기구 및 장치",소계,2025.09,2629330,1991175
"기타 제조제품","달리 명시되지 않은 전문,과학,통제기구 및 장치",소계,2025.10,2177468,1651483
"기타 제조제품","달리 명시되지 않은 전문,과학,통제기구 및 장치",소계,2025.11,2187663,1695223
"기타 제조제품","달리 명시되지 않은 전문,과학,통제기구 및 장치",달리 명시되지 않은 광학기구 및 장치,2025.09,1656822,350536
"기타 제조제품","달리 명시되지 않은 전문,과학,통제기구 및 장치",달리 명시되지 않은 광학기구 및 장치,2025.10,1406729,344371
"기타 제조제품","달리 명시되지 않은 전문,과학,통제기구 및 장치",달리 명시되지 않은 광학기구 및 장치,2025.11,1371587,340517
"기타 제조제품","달리 명시되지 않은 전문,과학,통제기구 및 장치",달리 명시되지 않은 의료용외과용치과용이나 수의용의 기기,2025.09,197321,291611
"기타 제조제품","달리 명시되지 않은 전문,과학,통제기구 및 장치",달리 명시되지 않은 의료용외과용치과용이나 수의용의 기기,2025.10,140761,259064
"기타 제조제품","달리 명시되지 않은 전문,과학,통제기구 및 장치",달리 명시되지 않은 의료용외과용치과용이나 수의용의 기기,2025.11,166941,259076
"기타 제조제품","달리 명시되지 않은 전문,과학,통제기구 및 장치",달리 명시되지 않은 계기,2025.09,23284,32909
"기타 제조제품","달리 명시되지 않은 전문,과학,통제기구 및 장치",달리 명시되지 않은 계기,2025.10,21454,67332
"기타 제조제품","달리 명시되지 않은 전문,과학,통제기구 및 장치",달리 명시되지 않은 계기,2025.11,17585,27814
"기타 제조제품","달리 명시되지 않은 전문,과학,통제기구 및 장치",달리 명시되지 않은 측정검사분석 통제기구 및 장치,2025.09,751902,1316120
"기타 제조제품","달리 명시되지 않은 전문,과학,통제기구 및 장치",달리 명시되지 않은 측정검사분석 통제기구 및 장치,2025.10,608525,980716
"기타 제조제품","달리 명시되지 않은 전문,과학,통제기구 및 장치",달리 명시되지 않은 측정검사분석 통제기구 및 장치,2025.11,631550,1067815
"기타 제조제품","달리 명시되지 않은 사진장치 및 광학용품 휴대시계 및 큰시계",소계,2025.09,400697,470344
"기타 제조제품","달리 명시되지 않은 사진장치 및 광학용품 휴대시계 및 큰시계",소계,2025.10,345893,455813
"기타 제조제품","달리 명시되지 않은 사진장치 및 광학용품 휴대시계 및 큰시계",소계,2025.11,346936,460976
"기타 제조제품","달리 명시되지 않은 사진장치 및 광학용품 휴대시계 및 큰시계",달리 명시되지 않은 사진장치 및 장비,2025.09,2955,7407
"기타 제조제품","달리 명시되지 않은 사진장치 및 광학용품 휴대시계 및 큰시계",달리 명시되지 않은 사진장치 및 장비,2025.10,5829,5791
"기타 제조제품","달리 명시되지 않은 사진장치 및 광학용품 휴대시계 및 큰시계",달리 명시되지 않은 사진장치 및 장비,2025.11,1695,7076
"기타 제조제품","달리 명시되지 않은 사진장치 및 광학용품 휴대시계 및 큰시계",사진 및 영화비품,2025.09,99169,102763
"기타 제조제품","달리 명시되지 않은 사진장치 및 광학용품 휴대시계 및 큰시계",사진 및 영화비품,2025.10,91405,102855
"기타 제조제품","달리 명시되지 않은 사진장치 및 광학용품 휴대시계 및 큰시계",사진 및 영화비품,2025.11,87264,102066
"기타 제조제품","달리 명시되지 않은 사진장치 및 광학용품 휴대시계 및 큰시계",달리 명시되지 않은 광학용품,2025.09,272772,252992
"기타 제조제품","달리 명시되지 않은 사진장치 및 광학용품 휴대시계 및 큰시계",달리 명시되지 않은 광학용품,2025.10,227925,243654
"기타 제조제품","달리 명시되지 않은 사진장치 및 광학용품 휴대시계 및 큰시계",달리 명시되지 않은 광학용품,2025.11,234295,239973
"기타 제조제품","달리 명시되지 않은 사진장치 및 광학용품 휴대시계 및 큰시계",휴대용시계 및 큰시계,2025.09,25801,107182
"기타 제조제품","달리 명시되지 않은 사진장치 및 광학용품 휴대시계 및 큰시계",휴대용시계 및 큰시계,2025.10,20734,103513
"기타 제조제품","달리 명시되지 않은 사진장치 및 광학용품 휴대시계 및 큰시계",휴대용시계 및 큰시계,2025.11,23681,111861
"기타 제조제품","달리 분류되지 않은 잡제품",소계,2025.09,2915898,1256740
"기타 제조제품","달리 분류되지 않은 잡제품",소계,2025.10,1897140,1139099
"기타 제조제품","달리 분류되지 않은 잡제품",소계,2025.11,2548525,1253751
"기타 제조제품","달리 분류되지 않은 잡제품",인쇄물,2025.09,38007,32434
"기타 제조제품","달리 분류되지 않은 잡제품",인쇄물,2025.10,36508,26216
"기타 제조제품","달리 분류되지 않은 잡제품",인쇄물,2025.11,28768,25260
"기타 제조제품","달리 분류되지 않은 잡제품",달리 명시되지않은 플라스틱제의 물품,2025.09,419101,337942
"기타 제조제품","달리 분류되지 않은 잡제품",달리 명시되지않은 플라스틱제의 물품,2025.10,326682,291907
"기타 제조제품","달리 분류되지 않은 잡제품",달리 명시되지않은 플라스틱제의 물품,2025.11,350845,301970
"기타 제조제품","달리 분류되지 않은 잡제품",유모차장난감게임 및 운동용품,2025.09,83328,263564
"기타 제조제품","달리 분류되지 않은 잡제품",유모차장난감게임 및 운동용품,2025.10,49472,231794
"기타 제조제품","달리 분류되지 않은 잡제품",유모차장난감게임 및 운동용품,2025.11,58935,249202
"기타 제조제품","달리 분류되지 않은 잡제품",달리 명시되지 않은 사무 및 문구용품,2025.09,20680,20157
"기타 제조제품","달리 분류되지 않은 잡제품",달리 명시되지 않은 사무 및 문구용품,2025.10,17414,17421
"기타 제조제품","달리 분류되지 않은 잡제품",달리 명시되지 않은 사무 및 문구용품,2025.11,19138,17982
"기타 제조제품","달리 분류되지 않은 잡제품",예술품 수집가의 수집물 및 골동품,2025.09,95400,32486
"기타 제조제품","달리 분류되지 않은 잡제품",예술품 수집가의 수집물 및 골동품,2025.10,33834,23085
"기타 제조제품","달리 분류되지 않은 잡제품",예술품 수집가의 수집물 및 골동품,2025.11,11911,44778
"기타 제조제품","달리 분류되지 않은 잡제품",신변장식용품.금세공품과 은세공품 및 기타의 귀석제품,2025.09,84380,150949
"기타 제조제품","달리 분류되지 않은 잡제품",신변장식용품.금세공품과 은세공품 및 기타의 귀석제품,2025.10,301048,145853
"기타 제조제품","달리 분류되지 않은 잡제품",신변장식용품.금세공품과 은세공품 및 기타의 귀석제품,2025.11,349442,169014
"기타 제조제품","달리 분류되지 않은 잡제품",악기 및 그 부분품과 부속품 ; 레코드테이프,2025.09,1171747,238838
"기타 제조제품","달리 분류되지 않은 잡제품",악기 및 그 부분품과 부속품 ; 레코드테이프,2025.10,895434,240244
"기타 제조제품","달리 분류되지 않은 잡제품",악기 및 그 부분품과 부속품 ; 레코드테이프,2025.11,1277711,259858
"기타 제조제품","달리 분류되지 않은 잡제품",달리 명시되지 않은 잡제품,2025.09,47239,140027
"기타 제조제품","달리 분류되지 않은 잡제품",달리 명시되지 않은 잡제품,2025.10,41632,122312
"기타 제조제품","달리 분류되지 않은 잡제품",달리 명시되지 않은 잡제품,2025.11,46705,125265
"달리 분류되지 않은 상품 및 취급물","소계",소계,2025.09,125949,816888
"달리 분류되지 않은 상품 및 취급물","소계",소계,2025.10,345130,2108567
"달리 분류되지 않은 상품 및 취급물","소계",소계,2025.11,342531,1459786
"달리 분류되지 않은 상품 및 취급물","종류에 따라 분류할 수 없는 특수 취급물",소계,2025.09,2086,-
"달리 분류되지 않은 상품 및 취급물","종류에 따라 분류할 수 없는 특수 취급물",소계,2025.10,1705,-
"달리 분류되지 않은 상품 및 취급물","종류에 따라 분류할 수 없는 특수 취급물",소계,2025.11,1835,-
"달리 분류되지 않은 상품 및 취급물","종류에 따라 분류할 수 없는 특수 취급물",종류에 따라 분류할 수 없는 특수 취급물,2025.09,2086,-
"달리 분류되지 않은 상품 및 취급물","종류에 따라 분류할 수 없는 특수 취급물",종류에 따라 분류할 수 없는 특수 취급물,2025.10,1705,-
"달리 분류되지 않은 상품 및 취급물","종류에 따라 분류할 수 없는 특수 취급물",종류에 따라 분류할 수 없는 특수 취급물,2025.11,1835,-
"달리 분류되지 않은 상품 및 취급물","주화(금화 및 법화 제외)",소계,2025.09,10,111
"달리 분류되지 않은 상품 및 취급물","주화(금화 및 법화 제외)",소계,2025.10,9,244
"달리 분류되지 않은 상품 및 취급물","주화(금화 및 법화 제외)",소계,2025.11,3,949
"달리 분류되지 않은 상품 및 취급물","주화(금화 및 법화 제외)",주화(금화 및 법화제외),2025.09,10,111
"달리 분류되지 않은 상품 및 취급물","주화(금화 및 법화 제외)",주화(금화 및 법화제외),2025.10,9,244
"달리 분류되지 않은 상품 및 취급물","주화(금화 및 법화 제외)",주화(금화 및 법화제외),2025.11,3,949
"달리 분류되지 않은 상품 및 취급물","금(금광 및 그정광 제외)",소계,2025.09,123798,807644
"달리 분류되지 않은 상품 및 취급물","금(금광 및 그정광 제외)",소계,2025.10,342114,2093602
"달리 분류되지 않은 상품 및 취급물","금(금광 및 그정광 제외)",소계,2025.11,330455,1439947
"달리 분류되지 않은 상품 및 취급물","금(금광 및 그정광 제외)",금(금광 및 그정광제외) ; 화폐용이 아닌것,2025.09,123798,807644
"달리 분류되지 않은 상품 및 취급물","금(금광 및 그정광 제외)",금(금광 및 그정광제외) ; 화폐용이 아닌것,2025.10,342114,2093602
"달리 분류되지 않은 상품 및 취급물","금(금광 및 그정광 제외)",금(금광 및 그정광제외) ; 화폐용이 아닌것,2025.11,330455,1439947
"달리 분류되지 않은 상품 및 취급물","달리 분류되지 않은 상품및 취급물",소계,2025.09,55,9132
"달리 분류되지 않은 상품 및 취급물","달리 분류되지 않은 상품및 취급물",소계,2025.10,1302,14720
"달리 분류되지 않은 상품 및 취급물","달리 분류되지 않은 상품및 취급물",소계,2025.11,10237,18890
"달리 분류되지 않은 상품 및 취급물","달리 분류되지 않은 상품및 취급물",분류불능의 소액물품,2025.09,55,9132
"달리 분류되지 않은 상품 및 취급물","달리 분류되지 않은 상품및 취급물",분류불능의 소액물품,2025.10,1302,14720
"달리 분류되지 않은 상품 및 취급물","달리 분류되지 않은 상품및 취급물",분류불능의 소액물품,2025.11,10237,18890
